Time,J03_9368_2,J03_9368_2,J03_9368_2,J03_9368_1,J03_9368_1,J03_9368_1,J03_9215_3,J03_9215_3,J03_9215_3
and,236.34,231,262,236.34,231,262,236.34,231,262
Date,Mean,Mean,Mean,Mean,Mean,Mean,Mean,Mean,Mean
10/1/2022 0:00,48.9,0.3,0.003,40.1,-0.41,0,44,0.51,0.039
10/2/2022 0:00,49,0.29,0.003,40.1,-0.38,0,44,0.52,0.04
10/3/2022 0:00,49,0.29,0.003,40.1,-0.36,0,44,0.53,0.042
10/4/2022 0:00,48.9,0.33,0.005,40.1,-0.38,0,44,0.53,0.042
10/5/2022 0:00,48.9,0.34,0.004,40.1,-0.37,0,44,0.55,0.045
10/6/2022 0:00,48.9,0.34,0.004,40.1,-0.4,0,44,0.54,0.043
10/7/2022 0:00,48.9,0.34,0.005,40.1,-0.39,0,44,0.54,0.044
10/8/2022 0:00,48.9,0.32,0.004,40.1,-0.38,0,44,0.53,0.042
10/9/2022 0:00,48.9,0.32,0.004,40.1,-0.38,0,44,0.54,0.043
10/10/2022 0:00,48.9,0.31,0.003,40.1,-0.39,0,44,0.54,0.044
10/11/2022 0:00,48.9,0.32,0.005,40.1,-0.38,0.001,44,0.54,0.048
10/12/2022 0:00,48.9,0.33,0.005,40.1,-0.36,0,44,0.53,0.041
10/13/2022 0:00,48.9,0.32,0.003,40.1,-0.4,0,44,0.54,0.043
10/14/2022 0:00,48.9,0.3,0.003,40.1,-0.38,0,44,0.56,0.047
10/15/2022 0:00,48.8,0.47,0.255,39.9,-0.15,0.069,43.8,0.7,0.188
10/16/2022 0:00,48.9,0.31,0.004,40.1,-0.36,0,44,0.53,0.043
10/17/2022 0:00,49,0.29,0.003,40.1,-0.37,0,44,0.5,0.039
10/18/2022 0:00,49,0.25,0.002,40.1,-0.4,0,44,0.49,0.035
10/19/2022 0:00,49,0.24,0.002,40.1,-0.4,0,44.1,0.42,0.026
10/20/2022 0:00,49,0.26,0.002,40.1,-0.41,0,44.1,0.44,0.029
10/21/2022 0:00,48.9,0.34,0.005,40.1,-0.37,0,44,0.48,0.034
10/22/2022 0:00,48.9,0.33,0.004,40.1,-0.42,0,44.1,0.47,0.033
10/23/2022 0:00,49,0.25,0.002,40.1,-0.41,0,44.1,0.43,0.027
10/24/2022 0:00,49,0.21,0.002,40.1,-0.43,0,44.1,0.38,0.022
10/25/2022 0:00,49,0.23,0.002,40.1,-0.42,0,44.1,0.38,0.022
10/26/2022 0:00,49,0.28,0.003,40.1,-0.37,0,44.2,0.36,0.02
10/27/2022 0:00,49,0.29,0.003,40.1,-0.39,0,44.2,0.36,0.019
10/28/2022 0:00,49,0.27,0.003,40.1,-0.37,0,44.1,0.41,0.025
10/29/2022 0:00,49,0.23,0.002,40.1,-0.38,0,44.1,0.39,0.022
10/30/2022 0:00,49,0.25,0.002,,,,44.1,0.41,0.025
10/31/2022 0:00,49,0.29,0.003,,,,44.1,0.45,0.03
11/1/2022 0:00,48.9,0.34,0.005,,,,44,0.49,0.035
11/2/2022 0:00,48.7,0.56,0.488,,,,43.8,0.69,0.297
11/3/2022 0:00,49,0.2,0.002,,,,44.2,0.35,0.02
11/4/2022 0:00,49,0.23,0.001,,,,,,
11/5/2022 0:00,,,,,,,,,
11/6/2022 0:00,49.7,-0.47,0,,,,,,
11/7/2022 0:00,49.6,-0.35,0.002,,,,43.9,0.59,0.084
11/8/2022 0:00,47,2.22,6.84,,,,41.9,2.65,3.25
11/9/2022 0:00,49.6,-0.31,0.012,,,,43.9,0.66,0.193
11/10/2022 0:00,49.7,-0.46,0,,,,44.1,0.44,0.029
11/11/2022 0:00,49.7,-0.47,0,,,,44.1,0.42,0.026
11/12/2022 0:00,49.7,-0.45,0,,,,44.1,0.41,0.025
11/13/2022 0:00,49.7,-0.43,0,,,,44.1,0.4,0.025
11/14/2022 0:00,49.7,-0.48,0,,,,44.2,0.3,0.014
11/15/2022 0:00,49.7,-0.49,0,,,,44.2,0.34,0.017
11/16/2022 0:00,49.7,-0.48,0,,,,44.1,0.38,0.023
11/17/2022 0:00,49.7,-0.46,0,,,,44.2,0.37,0.021
11/18/2022 0:00,49.7,-0.41,0,,,,44.1,0.43,0.027
11/19/2022 0:00,49.7,-0.48,0,,,,44.1,0.42,0.026
11/20/2022 0:00,49.7,-0.47,0,,,,44.1,0.45,0.031
11/21/2022 0:00,49.7,-0.48,0,,,,44.1,0.46,0.031
11/22/2022 0:00,49.7,-0.46,0,,,,44.1,0.46,0.031
11/23/2022 0:00,49.7,-0.46,0,,,,44.1,0.47,0.032
11/24/2022 0:00,49.7,-0.44,0,,,,44.1,0.48,0.035
11/25/2022 0:00,49.7,-0.44,0,,,,44.1,0.44,0.029
11/26/2022 0:00,49.7,-0.41,0,,,,44.1,0.44,0.028
11/27/2022 0:00,49.7,-0.41,0,,,,44.1,0.46,0.031
11/28/2022 0:00,49.6,-0.38,0,,,,44.1,0.48,0.034
11/29/2022 0:00,49.7,-0.41,0,,,,44.1,0.47,0.033
11/30/2022 0:00,49.6,-0.35,0,,,,44,0.5,0.037
12/1/2022 0:00,49.7,-0.41,0,,,,44,0.48,0.034
12/2/2022 0:00,49.7,-0.42,0,,,,44,0.48,0.035
12/3/2022 0:00,49.7,-0.48,0,,,,44.1,0.44,0.028
12/4/2022 0:00,49.7,-0.43,0,,,,44,0.48,0.034
12/5/2022 0:00,49.7,-0.42,0,,,,44.1,0.44,0.029
12/6/2022 0:00,49.7,-0.49,0,,,,44.1,0.43,0.027
12/7/2022 0:00,49.7,-0.45,0,,,,44.1,0.44,0.032
12/8/2022 0:00,49.8,-0.53,0,,,,,,
12/9/2022 0:00,49.8,-0.52,0,,,,44.1,0.44,0.029
12/10/2022 0:00,49.5,-0.3,0,,,,44.1,0.44,0.028
12/11/2022 0:00,48,1.23,2.87,,,,43,1.55,1.3
12/12/2022 0:00,48.8,0.43,1.17,,,,43.5,1.03,0.689
12/13/2022 0:00,49.5,-0.2,0,,,,44.1,0.44,0.029
12/14/2022 0:00,49.4,-0.19,0,,,,44.1,0.43,0.026
12/15/2022 0:00,49.4,-0.15,0,,,,44.1,0.43,0.027
12/16/2022 0:00,49.4,-0.17,0,,,,44.1,0.44,0.028
12/17/2022 0:00,49.4,-0.19,0,,,,44.1,0.41,0.025
12/18/2022 0:00,49.4,-0.17,0,,,,44.1,0.43,0.027
12/19/2022 0:00,49.4,-0.19,0,,,,,,
12/20/2022 0:00,49.5,-0.2,0,,,,44.1,0.44,0.029
12/21/2022 0:00,49.4,-0.19,0,,,,44.1,0.45,0.031
12/22/2022 0:00,49.4,-0.2,0,,,,44.1,0.46,0.031
12/23/2022 0:00,49.4,-0.15,0,,,,44.1,0.45,0.031
12/24/2022 0:00,49.4,-0.18,0,,,,44,0.48,0.034
12/25/2022 0:00,49.4,-0.19,0,,,,44,0.48,0.035
12/26/2022 0:00,49.4,-0.2,0,,,,44,0.48,0.035
12/27/2022 0:00,49.1,0.1,0.065,,,,43.7,0.84,0.286
12/28/2022 0:00,49.2,0.07,0.324,,,,43.8,0.68,0.23
12/29/2022 0:00,49.4,-0.12,0,,,,44,0.5,0.037
12/30/2022 0:00,49.4,-0.11,0,,,,44,0.53,0.041
12/31/2022 0:00,47.9,1.38,5.09,,,,42.7,1.81,2.52
1/1/2023 0:00,48.1,1.1,3.63,,,,,,
1/2/2023 0:00,49.4,-0.12,0,,,,,,
1/3/2023 0:00,49,0.29,0.022,,,,,,
1/4/2023 0:00,49,0.27,0.011,,,,,,
1/5/2023 0:00,47.6,1.68,4.13,,,,,,
1/6/2023 0:00,49.4,-0.12,0,,,,,,
1/7/2023 0:00,49.4,-0.16,0,,,,44,0.51,0.038
1/8/2023 0:00,49.4,-0.15,0,,,,44,0.52,0.041
1/9/2023 0:00,49.3,-0.03,0.002,,,,43.9,0.63,0.068
1/10/2023 0:00,47.7,1.57,2.52,,,,42.1,2.43,2.01
1/11/2023 0:00,49.3,-0.1,0,,,,,,
1/12/2023 0:00,49.4,-0.15,0,,,,44.1,0.48,0.034
1/13/2023 0:00,49.4,-0.17,0,,,,44.1,0.44,0.029
1/14/2023 0:00,46.2,3.03,9.12,,,,41,3.52,5.24
1/15/2023 0:00,48.5,0.79,0.911,,,,,,
1/16/2023 0:00,47.8,1.48,3.72,,,,,,
1/17/2023 0:00,49.3,-0.06,0,,,,44,0.56,0.064
1/18/2023 0:00,49.3,-0.1,0,,,,44.1,0.43,0.028
1/19/2023 0:00,49.3,-0.03,0.009,,,,44,0.51,0.053
1/20/2023 0:00,49.4,-0.11,0,,,,44.1,0.42,0.026
1/21/2023 0:00,49.4,-0.15,0,,,,44.1,0.44,0.028
1/22/2023 0:00,49.4,-0.15,0,,,,44.1,0.42,0.026
1/23/2023 0:00,49.4,-0.11,0,,,,44,0.48,0.036
1/24/2023 0:00,49.4,-0.17,0,,,,44.1,0.38,0.021
1/25/2023 0:00,49.4,-0.16,0,,,,44.1,0.4,0.023
1/26/2023 0:00,49.4,-0.17,0,,,,44.1,0.43,0.03
1/27/2023 0:00,49.5,-0.21,0,,,,44.1,0.38,0.022
1/28/2023 0:00,49.4,-0.13,0,,,,44.1,0.43,0.028
1/29/2023 0:00,49.4,-0.11,0,,,,44,0.52,0.054
1/30/2023 0:00,48.9,0.3,0.637,,,,43.6,0.93,0.343
1/31/2023 0:00,49.4,-0.17,0,,,,44.1,0.46,0.031
2/1/2023 0:00,49.4,-0.18,0,,,,44.1,0.4,0.023
2/2/2023 0:00,49.5,-0.2,0,,,,44.1,0.4,0.024
2/3/2023 0:00,49.4,-0.18,0,,,,44.1,0.43,0.026
2/4/2023 0:00,49.4,-0.2,0,,,,44.1,0.41,0.024
2/5/2023 0:00,49.4,-0.15,0,,,,44.1,0.41,0.024
2/6/2023 0:00,49.5,-0.21,0,,,,44.1,0.4,0.024
2/7/2023 0:00,49.5,-0.21,0,,,,44.1,0.39,0.022
2/8/2023 0:00,49.5,-0.22,0,,,,44.1,0.41,0.025
2/9/2023 0:00,49.5,-0.21,0,,,,44.1,0.43,0.027
2/10/2023 0:00,49.5,-0.22,0,,,,44.1,0.4,0.024
2/11/2023 0:00,49.4,-0.17,0,,,,44.1,0.43,0.027
2/12/2023 0:00,49.4,-0.18,0,,,,44.1,0.47,0.032
2/13/2023 0:00,49.4,-0.12,0,,,,44,0.49,0.036
2/14/2023 0:00,49.4,-0.16,0,39.5,0.22,0.006,44.1,0.47,0.033
2/15/2023 0:00,49.4,-0.2,0,,,,44,0.48,0.035
2/16/2023 0:00,49.4,-0.2,0,39.4,0.26,0.01,44.1,0.43,0.028
2/17/2023 0:00,49.4,-0.19,0,39.5,0.24,0.008,44.1,0.42,0.026
2/18/2023 0:00,49.4,-0.19,0,39.5,0.24,0.008,44.1,0.41,0.025
2/19/2023 0:00,49.4,-0.14,0,39.5,0.23,0.007,44.1,0.44,0.028
2/20/2023 0:00,49.4,-0.16,0,39.5,0.23,0.007,44.1,0.44,0.029
2/21/2023 0:00,49.3,-0.06,0,39.5,0.23,0.007,44,0.51,0.039
2/22/2023 0:00,49.3,-0.05,0,39.5,0.25,0.009,44.1,0.47,0.035
2/23/2023 0:00,49.3,-0.04,0.009,39.4,0.27,0.021,43.8,0.68,0.128
2/24/2023 0:00,49,0.28,0.068,39.3,0.42,0.068,43.6,0.94,0.244
2/25/2023 0:00,45.4,3.84,9.79,37.3,2.45,4.29,40.9,3.58,4.33
2/26/2023 0:00,49.2,0.02,0.041,39.4,0.27,0.025,43.9,0.65,0.133
2/27/2023 0:00,49.2,0.06,0.059,39.4,0.31,0.051,43.8,0.68,0.191
2/28/2023 0:00,49.1,0.16,0.118,39.4,0.33,0.061,43.7,0.86,0.327
3/1/2023 0:00,48.7,0.53,0.599,39.2,0.49,0.153,43.3,1.23,0.563
3/2/2023 0:00,49.3,-0.1,0,39.5,0.22,0.006,44.2,0.34,0.018
3/3/2023 0:00,49.4,-0.12,0,39.5,0.21,0.006,44.1,0.41,0.025
3/4/2023 0:00,49.3,-0.1,0,39.5,0.21,0.006,44.1,0.42,0.025
3/5/2023 0:00,49.3,-0.07,0,39.5,0.21,0.008,44,0.48,0.086
3/6/2023 0:00,49.4,-0.13,0,39.5,0.2,0.005,44.2,0.32,0.015
3/7/2023 0:00,49.4,-0.16,0,39.5,0.21,0.006,44.2,0.3,0.013
3/8/2023 0:00,49.4,-0.19,0,39.5,0.2,0.005,44.2,0.32,0.015
3/9/2023 0:00,49.4,-0.17,0,39.5,0.19,0.005,44.2,0.29,0.012
3/10/2023 0:00,48.4,0.89,1.73,38.9,0.82,0.917,43.1,1.4,1.09
3/11/2023 0:00,49.1,0.11,0.004,39.5,0.17,0.01,43.8,0.72,0.127
3/12/2023 0:00,49.4,-0.12,0,39.6,0.13,0.002,,,
3/13/2023 0:00,49.4,-0.12,0,39.6,0.14,0.002,44.1,0.39,0.022
3/14/2023 0:00,47.6,1.62,4.01,38.6,1.15,1.38,42.6,1.95,2.09
3/15/2023 0:00,45.7,3.51,9.78,36.1,3.59,11.2,,,
3/16/2023 0:00,49.2,0.03,0.001,39.6,0.14,0.003,,,
3/17/2023 0:00,49.3,-0.07,0,39.5,0.16,0.003,44,0.49,0.036
3/18/2023 0:00,49.4,-0.18,0,39.5,0.16,0.003,44.1,0.45,0.029
3/19/2023 0:00,49.5,-0.29,0,39.6,0.15,0.003,44,0.52,0.042
3/20/2023 0:00,49.4,-0.13,0.029,39.5,0.16,0.015,43.8,0.72,0.127
3/21/2023 0:00,46.7,2.54,5.18,37.4,2.32,3.34,41,3.57,3.51
3/22/2023 0:00,49.3,-0.09,0.008,39.5,0.21,0.022,43.5,1.03,0.229
3/23/2023 0:00,49.5,-0.22,0.004,39.5,0.19,0.015,43.7,0.82,0.183
3/24/2023 0:00,49.6,-0.35,0,39.5,0.16,0.003,44.1,0.46,0.032
3/25/2023 0:00,49.6,-0.33,0,39.6,0.14,0.002,44.1,0.42,0.025
3/26/2023 0:00,49.6,-0.38,0,39.6,0.15,0.003,44.1,0.39,0.022
3/27/2023 0:00,49.6,-0.38,0,39.6,0.14,0.003,44.2,0.38,0.021
3/28/2023 0:00,49.6,-0.39,0,39.6,0.14,0.003,44.1,0.38,0.021
3/29/2023 0:00,48.8,0.49,1.35,39.1,0.62,0.406,43.2,1.32,0.921
3/30/2023 0:00,49.5,-0.26,0.007,39.4,0.27,0.062,43.8,0.72,0.18
3/31/2023 0:00,49.6,-0.35,0,39.6,0.15,0.003,,,
4/1/2023 0:00,49.6,-0.36,0,39.5,0.17,0.004,44.1,0.38,0.022
4/2/2023 0:00,49.6,-0.33,0,39.5,0.16,0.003,,,
4/3/2023 0:00,49.6,-0.38,0,39.6,0.12,0.002,,,
4/4/2023 0:00,49.7,-0.41,0,39.6,0.12,0.002,44.2,0.32,0.015
4/5/2023 0:00,49.6,-0.4,0,39.6,0.13,0.002,,,
4/6/2023 0:00,49.7,-0.42,0,39.6,0.13,0.003,,,
4/7/2023 0:00,49.6,-0.4,0,39.6,0.12,0.002,,,
4/8/2023 0:00,49.6,-0.39,0,39.6,0.12,0.002,44.1,0.43,0.027
4/9/2023 0:00,49.6,-0.38,0,39.6,0.08,0.001,44.1,0.47,0.033
4/10/2023 0:00,49.6,-0.4,0,39.6,0.07,0.001,44.1,0.45,0.03
4/11/2023 0:00,49.6,-0.37,0,39.6,0.05,0.001,44.1,0.46,0.031
4/12/2023 0:00,49.6,-0.35,0,39.6,0.09,0.001,44,0.52,0.039
4/13/2023 0:00,49.6,-0.35,0,39.6,0.09,0.001,44,0.51,0.039
4/14/2023 0:00,49.6,-0.39,0,39.6,0.12,0.001,44.1,0.46,0.031
4/15/2023 0:00,49.6,-0.4,0,39.6,0.13,0.002,44.1,0.42,0.026
4/16/2023 0:00,49.6,-0.38,0,39.6,0.11,0.001,44.1,0.42,0.026
4/17/2023 0:00,49.7,-0.41,0,39.6,0.09,0.001,44.1,0.45,0.03
4/18/2023 0:00,49.7,-0.42,0,39.6,0.1,0.001,44.1,0.43,0.027
4/19/2023 0:00,49.7,-0.44,0,39.6,0.13,0.002,44.1,0.4,0.023
4/20/2023 0:00,49.7,-0.43,0,39.6,0.09,0.002,44.1,0.43,0.027
4/21/2023 0:00,49.7,-0.46,0,39.6,0.08,0.001,,,
4/22/2023 0:00,49.7,-0.43,0,39.7,0.03,0,,,
4/23/2023 0:00,49.6,-0.32,0,39.6,0.06,0.001,44.1,0.47,0.033
4/24/2023 0:00,49.6,-0.38,0,39.6,0.07,0.001,44.1,0.45,0.029
4/25/2023 0:00,49.6,-0.36,0,39.6,0.08,0.001,44.1,0.48,0.033
4/26/2023 0:00,49.6,-0.39,0,39.7,0.04,0.001,44.1,0.46,0.03
4/27/2023 0:00,49.4,-0.12,0,39.7,0,0,44.1,0.46,0.031
4/28/2023 0:00,49.2,0.06,0,39.7,-0.03,0,44.1,0.45,0.029
4/29/2023 0:00,49.2,0.05,0,39.7,-0.03,0,44.1,0.43,0.027
4/30/2023 0:00,49.2,0.08,0,39.7,-0.02,0,44.1,0.46,0.031
5/1/2023 0:00,49.2,0.09,0,39.7,0,0,44.1,0.45,0.029
5/2/2023 0:00,49.2,0.03,0,39.7,-0.01,0,44.1,0.41,0.025
5/3/2023 0:00,49.2,0.05,0,39.7,-0.02,0,44.1,0.43,0.026
5/4/2023 0:00,48.6,0.63,1.26,38.6,1.08,2.84,43.7,0.83,0.53
5/5/2023 0:00,49.2,0.06,0.001,39.7,0.01,0.001,44.1,0.41,0.024
5/6/2023 0:00,49.2,0.04,0,39.7,-0.01,0,44.2,0.37,0.02
5/7/2023 0:00,49.2,0.01,0,39.7,0.01,0,44.2,0.37,0.02
5/8/2023 0:00,49.2,0.04,0,39.7,-0.01,0,44.2,0.36,0.019
5/9/2023 0:00,49.2,0.05,0,39.7,-0.03,0,44.1,0.39,0.021
5/10/2023 0:00,49.2,0.04,0,39.7,-0.04,0,44.1,0.4,0.022
5/11/2023 0:00,49.2,0.06,0,39.7,-0.04,0,44.2,0.38,0.02
5/12/2023 0:00,49.2,0.06,0,39.8,-0.05,0,44.1,0.4,0.023
5/13/2023 0:00,49.2,0.09,0,39.8,-0.05,0,44.1,0.42,0.025
5/14/2023 0:00,49.2,0.1,0,39.7,-0.04,0,44.1,0.4,0.023
5/15/2023 0:00,49.2,0.08,0,39.7,-0.03,0,44.1,0.4,0.023
5/16/2023 0:00,49.2,0.09,0,39.7,-0.04,0,44.2,0.37,0.02
5/17/2023 0:00,49.2,0.09,0,39.8,-0.05,0,44.1,0.38,0.021
5/18/2023 0:00,49.2,0.06,0,39.8,-0.06,0,44.1,0.43,0.027
5/19/2023 0:00,49.2,0.06,0,39.7,-0.02,0,44.1,0.44,0.028
5/20/2023 0:00,49.2,0.08,0,39.7,0,0,44.1,0.44,0.028
5/21/2023 0:00,49.1,0.11,0,39.7,0.03,0,44.1,0.42,0.026
5/22/2023 0:00,49.2,0.09,0,39.7,-0.02,0,44.1,0.42,0.026
5/23/2023 0:00,49.2,0.07,0,39.7,0.01,0,44.1,0.44,0.027
5/24/2023 0:00,49.2,0.07,0,39.7,0.02,0,,,
5/25/2023 0:00,49.2,0.04,0,39.7,-0.02,0,44.3,0.2,0.007
5/26/2023 0:00,49.2,0.03,0,39.7,-0.03,0,,,
5/27/2023 0:00,49.2,0.03,0,39.7,-0.03,0,44.3,0.25,0.009
5/28/2023 0:00,49.2,0.03,0,39.7,-0.01,0,,,
5/29/2023 0:00,49.2,0.05,0,39.7,0.01,0,,,
5/30/2023 0:00,49.2,0.08,0.006,39.6,0.08,0.016,,,
5/31/2023 0:00,49.2,0.01,0,39.7,0.01,0,,,
6/1/2023 0:00,49.2,0.02,0,39.7,-0.01,0,,,
6/2/2023 0:00,49.2,0.01,0,39.7,-0.01,0,,,
6/3/2023 0:00,49.2,0.01,0,39.7,-0.04,0,,,
6/4/2023 0:00,49.2,0.02,0,39.8,-0.05,0,,,
6/5/2023 0:00,49.2,0.02,0,39.8,-0.05,0,,,
6/6/2023 0:00,49.2,0,0,39.8,-0.07,0,,,
6/7/2023 0:00,49.2,0.01,0,39.7,-0.04,0,,,
6/8/2023 0:00,49.2,0.01,0,39.8,-0.05,0,,,
6/9/2023 0:00,49.2,0.01,0,39.8,-0.05,0,,,
6/10/2023 0:00,49.2,0.01,0,39.7,-0.03,0,,,
6/11/2023 0:00,49.2,0.04,0,39.7,-0.02,0,,,
6/12/2023 0:00,49.2,0.02,0,39.7,0,0,,,
6/13/2023 0:00,49.3,-0.02,0,39.7,-0.02,0,,,
6/14/2023 0:00,49.3,-0.02,0,39.7,-0.02,0,,,
6/15/2023 0:00,49.2,0.01,0,39.7,0,0.001,,,
6/16/2023 0:00,49.2,0.01,0,39.7,-0.01,0,,,
6/17/2023 0:00,49.2,0.02,0,39.7,-0.03,0,,,
6/18/2023 0:00,49.3,0,0,39.8,-0.06,0,,,
6/19/2023 0:00,49.3,-0.01,0,39.8,-0.05,0,,,
6/20/2023 0:00,49.3,-0.02,0,39.8,-0.07,0,,,
6/21/2023 0:00,49.3,-0.05,0,39.7,-0.04,0.001,,,
6/22/2023 0:00,49.3,-0.01,0,39.8,-0.07,0,,,
6/23/2023 0:00,49.3,-0.01,0,39.8,-0.07,0,,,
6/24/2023 0:00,49.3,-0.01,0,39.7,-0.04,0,,,
6/25/2023 0:00,49.2,0.03,0,39.8,-0.07,0,,,
6/26/2023 0:00,49.3,-0.02,0,39.8,-0.05,0,,,
6/27/2023 0:00,49.2,0.02,0,39.8,-0.07,0,,,
6/28/2023 0:00,49.2,0.06,0.001,39.8,-0.07,0,,,
6/29/2023 0:00,49.2,0.02,0,39.8,-0.09,0,,,
6/30/2023 0:00,49.2,0.02,0,39.8,-0.05,0,,,
7/1/2023 0:00,49.2,0.02,0,39.8,-0.05,0,,,
7/2/2023 0:00,49.2,0.02,0,39.8,-0.06,0,,,
7/3/2023 0:00,50.3,-1.09,0,39.8,-0.07,0,,,
7/4/2023 0:00,52.3,-3,0,39.8,-0.07,0,,,
7/5/2023 0:00,52.1,-2.86,0,39.8,-0.06,0,,,
7/6/2023 0:00,52.1,-2.83,0,39.8,-0.08,0,,,
7/7/2023 0:00,52,-2.77,0,39.8,-0.09,0,,,
7/8/2023 0:00,52.1,-2.85,0,39.8,-0.1,0,,,
7/9/2023 0:00,52.2,-2.96,0,39.8,-0.07,0,,,
7/10/2023 0:00,52,-2.77,0,39.8,-0.07,0,,,
7/11/2023 0:00,52.1,-2.88,0,39.8,-0.07,0,,,
7/12/2023 0:00,52.1,-2.82,0,39.8,-0.09,0,,,
7/13/2023 0:00,51.9,-2.61,0,39.8,-0.13,0,,,
7/14/2023 0:00,52.1,-2.81,0,39.8,-0.1,0,,,
7/15/2023 0:00,52.3,-3.03,0,39.8,-0.07,0.001,,,
7/16/2023 0:00,52.4,-3.14,0,39.8,-0.06,0,,,
7/17/2023 0:00,52.3,-3.09,0,39.7,-0.04,0,,,
7/18/2023 0:00,52.4,-3.18,0,39.8,-0.06,0,,,
7/19/2023 0:00,52.2,-2.92,0,39.8,-0.07,0,,,
7/20/2023 0:00,52.4,-3.12,0,39.8,-0.1,0,,,
7/21/2023 0:00,52.8,-3.53,0,39.8,-0.05,0,,,
7/22/2023 0:00,52.7,-3.48,0,39.8,-0.06,0,,,
7/23/2023 0:00,52.7,-3.48,0,39.7,-0.02,0,,,
7/24/2023 0:00,52.5,-3.29,0,39.7,0,0.001,,,
7/25/2023 0:00,52.7,-3.44,0,39.7,-0.03,0,,,
7/26/2023 0:00,52.6,-3.32,0,39.7,-0.05,0,,,
7/27/2023 0:00,52.5,-3.27,0,39.7,-0.03,0,,,
7/28/2023 0:00,52.6,-3.36,0,39.7,0.03,0,,,
7/29/2023 0:00,52.7,-3.48,0,39.7,0.02,0,,,
7/30/2023 0:00,52.8,-3.57,0,39.7,-0.03,0,,,
7/31/2023 0:00,52.8,-3.52,0,39.7,-0.01,0,,,
8/1/2023 0:00,52.7,-3.47,0,39.7,-0.03,0,,,
8/2/2023 0:00,52.6,-3.37,0,39.8,-0.05,0,,,
8/3/2023 0:00,52.5,-3.3,0,39.8,-0.06,0,,,
8/4/2023 0:00,52.3,-3.06,0,39.7,-0.04,0,,,
8/5/2023 0:00,52.6,-3.38,0,39.7,0,0,,,
8/6/2023 0:00,52.6,-3.32,0,39.6,0.1,0.004,,,
8/7/2023 0:00,52.3,-3.04,0,39.7,0.02,0.001,,,
8/8/2023 0:00,52.2,-2.97,0,39.7,-0.02,0,,,
8/9/2023 0:00,52.6,-3.31,0,39.7,0.03,0.001,,,
8/10/2023 0:00,52.3,-3.04,0,39.7,0.02,0.001,,,
8/11/2023 0:00,52.3,-3.09,0,39.7,-0.01,0,,,
8/12/2023 0:00,52.1,-2.87,0,39.7,-0.02,0,,,
8/13/2023 0:00,52.2,-2.96,0,39.7,-0.01,0,,,
8/14/2023 0:00,52.4,-3.15,0,39.7,0.01,0,,,
8/15/2023 0:00,52.5,-3.28,0,39.7,-0.03,0,,,
8/16/2023 0:00,52.8,-3.52,0,39.7,-0.02,0,,,
8/17/2023 0:00,52.6,-3.37,0,39.7,-0.04,0,,,
8/18/2023 0:00,52.4,-3.16,0,39.7,-0.04,0,,,
8/19/2023 0:00,52.6,-3.35,0,39.7,-0.02,0,,,
8/20/2023 0:00,49.9,-0.68,4.19,33,6.71,26.5,,,
8/21/2023 0:00,52.2,-2.94,0,38.5,1.22,3.12,,,
8/22/2023 0:00,52.5,-3.27,0,39.7,0.03,0,,,
8/23/2023 0:00,52.5,-3.24,0,39.7,-0.01,0,,,
8/24/2023 0:00,52.5,-3.26,0,39.7,-0.03,0,,,
8/25/2023 0:00,52.4,-3.17,0,39.7,-0.01,0,,,
8/26/2023 0:00,52.6,-3.34,0,39.7,-0.02,0,,,
8/27/2023 0:00,52.5,-3.24,0,39.7,-0.03,0,44.1,0.41,0.027
8/28/2023 0:00,52.5,-3.21,0,39.7,-0.03,0,,,
8/29/2023 0:00,52.4,-3.16,0,39.7,-0.04,0,,,
8/30/2023 0:00,52.5,-3.26,0,39.7,0,0,,,
8/31/2023 0:00,52.5,-3.21,0,39.7,-0.01,0,,,
9/1/2023 0:00,52.3,-3.02,0,39.7,0.02,0,44.1,0.41,0.024
9/2/2023 0:00,52.4,-3.14,0,39.6,0.06,0.002,,,
9/3/2023 0:00,52.5,-3.29,0,39.7,-0.01,0,,,
9/4/2023 0:00,52.3,-3.06,0,39.7,0,0,,,
9/5/2023 0:00,52.5,-3.27,0,39.7,0.03,0,,,
9/6/2023 0:00,52.4,-3.17,0,39.7,0.03,0,,,
9/7/2023 0:00,52.2,-2.97,0,39.7,-0.01,0,,,
9/8/2023 0:00,51.9,-2.7,0,39.7,0.01,0.001,,,
9/9/2023 0:00,52,-2.73,0,39.7,0.01,0.001,,,
9/10/2023 0:00,52.1,-2.85,0,39.7,0.02,0.008,,,
9/11/2023 0:00,52.1,-2.82,0,39.7,0,0,,,
9/12/2023 0:00,52,-2.8,0,39.7,-0.01,0,,,
9/13/2023 0:00,51.9,-2.7,0,39.7,0.04,0,,,
9/14/2023 0:00,51.9,-2.69,0,39.7,0.05,0.001,,,
9/15/2023 0:00,51.9,-2.69,0,39.7,0,0,,,
9/16/2023 0:00,52,-2.79,0,39.7,0.01,0,,,
9/17/2023 0:00,52,-2.8,0,39.6,0.06,0.001,,,
9/18/2023 0:00,51.8,-2.6,0,39.7,0.03,0,,,
9/19/2023 0:00,52.3,-3.02,0,39.7,0,0,,,
9/20/2023 0:00,53.4,-4.13,0,39.7,0.02,0,,,
9/21/2023 0:00,53.7,-4.49,0,39.7,0,0,,,
9/22/2023 0:00,53.7,-4.48,0,39.7,0.02,0,,,
9/23/2023 0:00,53.7,-4.5,0,39.7,0.01,0,,,
9/24/2023 0:00,53.7,-4.47,0,39.7,0.02,0,,,
9/25/2023 0:00,53.7,-4.45,0,39.7,0.01,0,44,0.52,0.044
9/26/2023 0:00,53.2,-3.97,0,39.7,0,0,,,
9/27/2023 0:00,53.3,-4.07,0,39.7,0.02,0.001,,,
9/28/2023 0:00,53.2,-3.98,0,39.7,0,0,,,
9/29/2023 0:00,53.3,-4.04,0,39.7,-0.01,0,,,
9/30/2023 0:00,53.3,-4,0,39.6,0.1,0.023,,,
10/1/2023 0:00,53.6,-4.34,0,39.7,0.02,0,,,
