LSPC_LU_DESC,LSPC_LU_CODE,RC_Group,EMC_Group,RC,jurisdicti,acres_juris_soc,objectid,shape_area,acres,percentage
COMM,10,Commercial,business,0.486,ALISO VIEJO,4298.475848550746,1,21705819.16807296,498.29903562006666,11.592412287111507
COMM,10,Commercial,business,0.486,DANA POINT,4071.5603518392577,19,14180673.04278721,325.54476046027435,7.995545445752167
COMM,10,Commercial,business,0.486,LAGUNA BEACH,5632.041056195566,42,9638388.04306752,221.2678282078823,3.9287167996413705
COMM,10,Commercial,business,0.486,LAGUNA HILLS,3498.3869598294223,59,12301775.080425592,282.41102588782223,8.072574574729673
COMM,10,Commercial,business,0.486,LAGUNA NIGUEL,9463.77397689814,75,24893328.277186897,571.474468567464,6.038523152252862
COMM,10,Commercial,business,0.486,LAGUNA WOODS,756.0075788948667,93,524539.9181405355,12.041827738900428,1.5928120177366916
COMM,10,Commercial,business,0.486,LAKE FOREST,3303.943394927112,104,19101680.673252363,438.51600275951057,13.272450410940758
COMM,10,Commercial,business,0.486,MISSION VIEJO,11525.934391435894,121,33755534.09437251,774.9235334461424,6.723276460179201
COMM,10,Commercial,business,0.486,ORANGE CO,94761.16101626148,145,25942600.41160313,595.5625386206633,0.6284854997404369
COMM,10,Commercial,business,0.486,RANCHO SANTA MARGARITA,8280.210526037783,164,16060326.300465409,368.695834296679,4.452717214803026
COMM,10,Commercial,business,0.486,SAN CLEMENTE,11739.016173821115,181,18596635.293325383,426.9217098275877,3.636761342015351
COMM,10,Commercial,business,0.486,SAN JUAN CAPISTRANO,9220.309393249185,199,30992327.35890181,711.4887816479146,7.7165082574838655
EDU,20,Education,business,0.422,ALISO VIEJO,4298.475848550746,2,8879248.009217083,203.84030133874364,4.742134029834765
EDU,20,Education,business,0.422,DANA POINT,4071.5603518392577,20,2725940.378504938,62.57923053946657,1.5369778368758735
EDU,20,Education,business,0.422,LAGUNA BEACH,5632.041056195566,43,2381886.754834498,54.680814564051886,0.9708841838228536
EDU,20,Education,business,0.422,LAGUNA HILLS,3498.3869598294223,60,3190001.0638537207,73.2326405853135,2.0933175345078125
EDU,20,Education,business,0.422,LAGUNA NIGUEL,9463.77397689814,76,4241328.703590859,97.36789873637672,1.0288444071345473
EDU,20,Education,business,0.422,LAKE FOREST,3303.943394927112,105,1375532.9746796312,31.57801829265465,0.9557637103950573
EDU,20,Education,business,0.422,MISSION VIEJO,11525.934391435894,122,23577959.564514328,541.2776372046723,4.696152639030047
EDU,20,Education,business,0.422,ORANGE CO,94761.16101626148,146,6722009.760818296,154.31672747791563,0.162847424574232
EDU,20,Education,business,0.422,RANCHO SANTA MARGARITA,8280.210526037783,165,4745586.522241365,108.94411167686872,1.315711424948384
EDU,20,Education,business,0.422,SAN CLEMENTE,11739.016173821115,182,7187340.870521663,164.9993025705095,1.4055576730690476
EDU,20,Education,business,0.422,SAN JUAN CAPISTRANO,9220.309393249185,200,8789265.528775042,201.77457956709435,2.188362275753083
IND,30,Light Industrial,business,0.414,ALISO VIEJO,4298.475848550746,3,2938407.083338552,67.45681443990236,1.5693131004948593
IND,30,Light Industrial,business,0.414,DANA POINT,4071.5603518392577,21,1344624.2842673147,30.868449558783,0.758144873651793
IND,30,Light Industrial,business,0.414,LAGUNA BEACH,5632.041056195566,44,962211.9230298294,22.089434616369793,0.39220854461670057
IND,30,Light Industrial,business,0.414,LAGUNA HILLS,3498.3869598294223,61,318050.6927197878,7.301468432653245,0.20870873664486592
IND,30,Light Industrial,business,0.414,LAGUNA NIGUEL,9463.77397689814,77,2855105.433403239,65.54446404635526,0.6925799583629122
IND,30,Light Industrial,business,0.414,LAKE FOREST,3303.943394927112,106,7684671.746953546,176.41649416282718,5.339552389681544
IND,30,Light Industrial,business,0.414,MISSION VIEJO,11525.934391435894,123,5735472.307471677,131.66885329269357,1.1423657479400584
IND,30,Light Industrial,business,0.414,ORANGE CO,94761.16101626148,147,15381491.0362459,353.11185864083166,0.37263203870435274
IND,30,Light Industrial,business,0.414,RANCHO SANTA MARGARITA,8280.210526037783,166,4642199.27457289,106.57065756257336,1.2870473636539892
IND,30,Light Industrial,business,0.414,SAN CLEMENTE,11739.016173821115,183,11120054.738648783,255.28235121673973,2.1746399043017965
IND,30,Light Industrial,business,0.414,SAN JUAN CAPISTRANO,9220.309393249185,201,23506302.57299552,539.6326124538084,5.852628484686394
UTIL,40,Commercial,business,0.486,ALISO VIEJO,4298.475848550746,18,737238.690796434,16.924739204776035,0.39373657319938543
UTIL,40,Commercial,business,0.486,DANA POINT,4071.5603518392577,34,1368421.6587985307,31.41476429067005,0.7715626422569793
UTIL,40,Commercial,business,0.486,LAGUNA BEACH,5632.041056195566,57,248128.81515730187,5.696276576573464,0.10114013258521504
UTIL,40,Commercial,business,0.486,LAGUNA HILLS,3498.3869598294223,74,206750.31626262356,4.746353151202242,0.1356720745963462
UTIL,40,Commercial,business,0.486,LAGUNA NIGUEL,9463.77397689814,91,737636.613022727,16.933874278650844,0.1789329139152974
UTIL,40,Commercial,business,0.486,LAKE FOREST,3303.943394927112,120,368247.7795358126,8.453839589792237,0.25587017584646576
UTIL,40,Commercial,business,0.486,MISSION VIEJO,11525.934391435894,136,8398458.448438575,192.80284762105492,1.6727674291959636
UTIL,40,Commercial,business,0.486,ORANGE CO,94761.16101626148,162,9677848.592104286,222.17372138693275,0.23445558318434903
UTIL,40,Commercial,business,0.486,RANCHO SANTA MARGARITA,8280.210526037783,179,2632406.8697198695,60.43198804818498,0.7298334520655249
UTIL,40,Commercial,business,0.486,SAN CLEMENTE,11739.016173821115,197,3527141.530524577,80.97235167890325,0.6897684319610539
UTIL,40,Commercial,business,0.486,SAN JUAN CAPISTRANO,9220.309393249185,216,2135635.273957908,49.02763582471607,0.5317331298043556
RESSFH,50,Single Family Residential,single family,0.405,ALISO VIEJO,4298.475848550746,13,25487066.48764611,585.1048768645068,13.611860507361232
RESSFH,50,Single Family Residential,single family,0.405,DANA POINT,4071.5603518392577,29,62649019.03639969,1438.2293304230404,35.32364629844621
RESSFH,50,Single Family Residential,single family,0.405,LAGUNA BEACH,5632.041056195566,53,81762560.0248516,1877.0176096435464,33.32735118320555
RESSFH,50,Single Family Residential,single family,0.405,LAGUNA HILLS,3498.3869598294223,70,74995018.8012777,1721.6556194272923,49.21264435812003
RESSFH,50,Single Family Residential,single family,0.405,LAGUNA NIGUEL,9463.77397689814,87,120473862.96012405,2765.7103961667035,29.224063677846537
RESSFH,50,Single Family Residential,single family,0.405,LAGUNA WOODS,756.0075788948667,101,947.3630227722664,0.02174854940853365,0.00287675190323025
RESSFH,50,Single Family Residential,single family,0.405,LAKE FOREST,3303.943394927112,115,32928865.21132352,755.9457513126612,22.880014490967284
RESSFH,50,Single Family Residential,single family,0.405,MISSION VIEJO,11525.934391435894,131,174780927.58872682,4012.434038442024,34.81208423070032
RESSFH,50,Single Family Residential,single family,0.405,ORANGE CO,94761.16101626148,157,137616902.2984654,3159.262001095639,3.333907404868255
RESSFH,50,Single Family Residential,single family,0.405,RANCHO SANTA MARGARITA,8280.210526037783,176,50795878.09547452,1166.1175684021223,14.083131102398644
RESSFH,50,Single Family Residential,single family,0.405,SAN CLEMENTE,11739.016173821115,192,137573782.57195565,3158.272104424629,26.903953658331258
RESSFH,50,Single Family Residential,single family,0.405,SAN JUAN CAPISTRANO,9220.309393249185,211,110063759.10306366,2526.7263397479537,27.4038117929392
RESSFL,51,Single Family Residential,single family,0.405,ALISO VIEJO,4298.475848550746,14,176317.3439348325,4.047705445507899,0.09416568563638684
RESSFL,51,Single Family Residential,single family,0.405,DANA POINT,4071.5603518392577,30,22759.377797805937,0.5224855104589129,0.01283251076661403
RESSFL,51,Single Family Residential,single family,0.405,IRVINE,96.05123754093846,40,433.49649156879246,0.00995174989807072,0.01036083484803553
RESSFL,51,Single Family Residential,single family,0.405,LAGUNA BEACH,5632.041056195566,54,34737.872816893054,0.7974750176492467,0.0141595528121213
RESSFL,51,Single Family Residential,single family,0.405,LAKE FOREST,3303.943394927112,116,307433.1049850374,7.057721182762778,0.2136142211983016
RESSFL,51,Single Family Residential,single family,0.405,MISSION VIEJO,11525.934391435894,132,299009.72691698506,6.864346257104704,0.05955542142290452
RESSFL,51,Single Family Residential,single family,0.405,ORANGE CO,94761.16101626148,158,66039004.55050377,1516.0530006270535,1.5998610824966084
RESSFL,51,Single Family Residential,single family,0.405,SAN CLEMENTE,11739.016173821115,193,8066.567615642432,0.18518365202042456,0.00157749941344768
RESSFL,51,Single Family Residential,single family,0.405,SAN JUAN CAPISTRANO,9220.309393249185,212,37110.593762151046,0.8519454133372688,0.00923984184503383
RESMF,52,Multi-family Residential,multi-family,0.485,ALISO VIEJO,4298.475848550746,12,34632233.57780915,795.0498647189866,18.496013762430746
RESMF,52,Multi-family Residential,multi-family,0.485,DANA POINT,4071.5603518392577,28,18614677.387267895,427.3359009687976,10.495587801710029
RESMF,52,Multi-family Residential,multi-family,0.485,LAGUNA BEACH,5632.041056195566,52,10230897.120995488,234.87001939179856,4.170230251682754
RESMF,52,Multi-family Residential,multi-family,0.485,LAGUNA HILLS,3498.3869598294223,69,8460019.089529093,194.21609113193236,5.551567522359345
RESMF,52,Multi-family Residential,multi-family,0.485,LAGUNA NIGUEL,9463.77397689814,86,31061015.253586497,713.0656450417872,7.534655778156843
RESMF,52,Multi-family Residential,multi-family,0.485,LAGUNA WOODS,756.0075788948667,100,22365508.757715393,513.4434853080536,67.91485242604521
RESMF,52,Multi-family Residential,multi-family,0.485,LAKE FOREST,3303.943394927112,114,17154350.644517254,393.8112778265768,11.919384066558091
RESMF,52,Multi-family Residential,multi-family,0.485,MISSION VIEJO,11525.934391435894,130,25770715.982355837,591.6165993004826,5.132896065034332
RESMF,52,Multi-family Residential,multi-family,0.485,NEWPORT BEACH,130.0087677517211,142,463561.3900364918,10.641947756832296,8.185528847874918
RESMF,52,Multi-family Residential,multi-family,0.485,ORANGE CO,94761.16101626148,156,18668336.845115256,428.56775754560744,0.4522591731466306
RESMF,52,Multi-family Residential,multi-family,0.485,RANCHO SANTA MARGARITA,8280.210526037783,175,19727559.07540029,452.88425128267505,5.469455617382631
RESMF,52,Multi-family Residential,multi-family,0.485,SAN CLEMENTE,11739.016173821115,191,29538309.869150847,678.1089996038748,5.776517189599044
RESMF,52,Multi-family Residential,multi-family,0.485,SAN JUAN CAPISTRANO,9220.309393249185,210,18704791.15188883,429.40463662254126,4.657142192214367
TRANS,60,Streets and Roads,surface street,0.471,ALISO VIEJO,4298.475848550746,15,28418366.152526453,652.3985267753005,15.177377753646368
TRANS,60,Streets and Roads,surface street,0.471,DANA POINT,4071.5603518392577,31,29070204.259498112,667.3627305019284,16.390769223209652
TRANS,60,Streets and Roads,surface street,0.471,LAGUNA BEACH,5632.041056195566,55,24027277.17191547,551.5925913983584,9.793791975706894
TRANS,60,Streets and Roads,surface street,0.471,LAGUNA HILLS,3498.3869598294223,71,26651231.66772678,611.8305388653184,17.48886268360211
TRANS,60,Streets and Roads,surface street,0.471,LAGUNA NIGUEL,9463.77397689814,88,52862192.44071784,1213.5538083131762,12.823097392912924
TRANS,60,Streets and Roads,surface street,0.471,LAGUNA WOODS,756.0075788948667,102,2756710.0365148634,63.285607515796386,8.37099470168409
TRANS,60,Streets and Roads,surface street,0.471,LAKE FOREST,3303.943394927112,117,20273151.888251603,465.4093889141974,14.086425572335523
TRANS,60,Streets and Roads,surface street,0.471,MISSION VIEJO,11525.934391435894,133,75013802.93554692,1722.086845538541,14.940914104782712
TRANS,60,Streets and Roads,surface street,0.471,NEWPORT BEACH,130.0087677517211,143,34020.74523569461,0.7810119678393895,0.600735517535357
TRANS,60,Streets and Roads,surface street,0.471,ORANGE CO,94761.16101626148,159,73652642.6017678,1690.8387789995877,1.7843090961718795
TRANS,60,Streets and Roads,surface street,0.471,RANCHO SANTA MARGARITA,8280.210526037783,177,35407169.012470596,812.8400055457195,9.8166194160513
TRANS,60,Streets and Roads,surface street,0.471,SAN CLEMENTE,11739.016173821115,194,64546985.272364765,1481.8008140743902,12.622820046722266
TRANS,60,Streets and Roads,surface street,0.471,SAN JUAN CAPISTRANO,9220.309393249185,213,34564474.33343311,793.4943202879987,8.60590585924221
TRFWY,61,Freeway,highway/arterial,0.45,ALISO VIEJO,4298.475848550746,16,9699358.700617785,222.66752750617496,5.180129996822683
TRFWY,61,Freeway,highway/arterial,0.45,DANA POINT,4071.5603518392577,32,2281073.067714833,52.36644150676027,1.2861465265410632
TRFWY,61,Freeway,highway/arterial,0.45,IRVINE,96.05123754093846,41,1821168.2666604829,41.808437818076314,43.5270504106446
TRFWY,61,Freeway,highway/arterial,0.45,LAGUNA BEACH,5632.041056195566,56,2495397.849296308,57.28668115054294,1.0171525994298125
TRFWY,61,Freeway,highway/arterial,0.45,LAGUNA HILLS,3498.3869598294223,72,4346344.783133087,99.7787458348112,2.8521243609109512
TRFWY,61,Freeway,highway/arterial,0.45,LAGUNA NIGUEL,9463.77397689814,89,3542307.0803506677,81.32050618965789,0.8592785616654386
TRFWY,61,Freeway,highway/arterial,0.45,LAKE FOREST,3303.943394927112,118,2856583.0239424375,65.57838499331527,1.9848440133909833
TRFWY,61,Freeway,highway/arterial,0.45,MISSION VIEJO,11525.934391435894,134,22959325.55558089,527.0756977309144,4.572935881205977
TRFWY,61,Freeway,highway/arterial,0.45,NEWPORT BEACH,130.0087677517211,144,222575.86801338525,5.109659281899179,3.930226346764868
TRFWY,61,Freeway,highway/arterial,0.45,ORANGE CO,94761.16101626148,160,7316627.944659914,167.96733726491033,0.17725264612092417
TRFWY,61,Freeway,highway/arterial,0.45,RANCHO SANTA MARGARITA,8280.210526037783,178,15809390.49207338,362.9351177645791,4.3831453908603635
TRFWY,61,Freeway,highway/arterial,0.45,SAN CLEMENTE,11739.016173821115,195,10353976.561154127,237.6955458490501,2.0248255181545294
TRFWY,61,Freeway,highway/arterial,0.45,SAN JUAN CAPISTRANO,9220.309393249185,214,9952416.567119328,228.47695998404564,2.4779650696364097
TROTH,62,Streets and Roads,surface street,0.471,ALISO VIEJO,4298.475848550746,17,20.537089911177972,4.7146859641377e-4,1.0968229836634612e-5
TROTH,62,Streets and Roads,surface street,0.471,DANA POINT,4071.5603518392577,33,1472097.0901785584,33.79483421911351,0.8300183742737752
TROTH,62,Streets and Roads,surface street,0.471,LAGUNA HILLS,3498.3869598294223,73,425816.3135274468,9.77543656560631,0.27942584900258677
TROTH,62,Streets and Roads,surface street,0.471,LAGUNA NIGUEL,9463.77397689814,90,739707.4508366843,16.981414363529943,0.17943524939831929
TROTH,62,Streets and Roads,surface street,0.471,LAGUNA WOODS,756.0075788948667,103,2735.41582009588,0.06279675761689592,0.00830633292352871
TROTH,62,Streets and Roads,surface street,0.471,LAKE FOREST,3303.943394927112,119,258292.29874360625,5.929598987968337,0.1794696385749343
TROTH,62,Streets and Roads,surface street,0.471,MISSION VIEJO,11525.934391435894,135,2473400.442175936,56.781688149848165,0.4926408488453046
TROTH,62,Streets and Roads,surface street,0.471,ORANGE CO,94761.16101626148,161,3259030.6719754916,74.81734867165493,0.0789532848692309
TROTH,62,Streets and Roads,surface street,0.471,SAN CLEMENTE,11739.016173821115,196,2431456.6118507176,55.81878644872229,0.47549609223879713
TROTH,62,Streets and Roads,surface street,0.471,SAN JUAN CAPISTRANO,9220.309393249185,215,1252298.2559229282,28.748927115036267,0.3117987791222251
OSAGIR,70,Agriculture,agriculture,0.222,ALISO VIEJO,4298.475848550746,4,443965.5022809655,10.192086275213551,0.23710835807872505
OSAGIR,70,Agriculture,agriculture,0.222,DANA POINT,4071.5603518392577,22,1362323.7003920472,31.27477386830112,0.7681244060450426
OSAGIR,70,Agriculture,agriculture,0.222,IRVINE,96.05123754093846,36,76395.64156083883,1.753809622229611,1.8259031865681483
OSAGIR,70,Agriculture,agriculture,0.222,LAGUNA BEACH,5632.041056195566,45,7001047.05046612,160.72256783145858,2.853706557501509
OSAGIR,70,Agriculture,agriculture,0.222,LAGUNA HILLS,3498.3869598294223,62,472291.37037227815,10.842361330198054,0.3099233471109429
OSAGIR,70,Agriculture,agriculture,0.222,LAGUNA NIGUEL,9463.77397689814,78,38430.57392794705,0.8822481095202924,0.00932233359212736
OSAGIR,70,Agriculture,agriculture,0.222,LAKE FOREST,3303.943394927112,107,406134.93315436575,9.323612435697246,0.28219536556226266
OSAGIR,70,Agriculture,agriculture,0.222,NEWPORT BEACH,130.0087677517211,138,45964.12115555963,1.055195248223045,0.8116306659112257
OSAGIR,70,Agriculture,agriculture,0.222,ORANGE CO,94761.16101626148,148,38938960.47357784,893.919105369307,0.9433353497463596
OSAGIR,70,Agriculture,agriculture,0.222,RANCHO SANTA MARGARITA,8280.210526037783,167,7267.381164161732,0.16683678222620751,0.00201487769369047
OSAGIR,70,Agriculture,agriculture,0.222,SAN CLEMENTE,11739.016173821115,184,261092.6988350547,5.993887585146538,0.05105933513395216
OSAGIR,70,Agriculture,agriculture,0.222,SAN JUAN CAPISTRANO,9220.309393249185,202,15680668.78228902,359.9800621017521,3.9041924389924305
OSAGNI,71,Agriculture,agriculture,0.222,ALISO VIEJO,4298.475848550746,5,109847.38352970198,2.521759020214745,0.05866611845775454
OSAGNI,71,Agriculture,agriculture,0.222,LAGUNA BEACH,5632.041056195566,46,96866.8926600144,2.2237667614496663,0.03948404928520992
OSAGNI,71,Agriculture,agriculture,0.222,LAGUNA HILLS,3498.3869598294223,63,15622.933077804091,0.3586546274041295,0.0102519588857758
OSAGNI,71,Agriculture,agriculture,0.222,LAGUNA NIGUEL,9463.77397689814,79,29792.472316492927,0.6839437898700576,0.00722693774985741
OSAGNI,71,Agriculture,agriculture,0.222,MISSION VIEJO,11525.934391435894,124,43806.92094962958,1.0056725477006214,0.00872526678411161
OSAGNI,71,Agriculture,agriculture,0.222,ORANGE CO,94761.16101626148,149,5505838.095800958,126.39715608859991,0.1333844469030839
OSAGNI,71,Agriculture,agriculture,0.222,RANCHO SANTA MARGARITA,8280.210526037783,168,942437.3128230956,21.63547021541911,0.2612902607438615
OSAGNI,71,Agriculture,agriculture,0.222,SAN JUAN CAPISTRANO,9220.309393249185,203,2216248.5001847087,50.878268255401856,0.5518043112499417
OSDEV,75,Developed Open Space,developed open space,0.217,ALISO VIEJO,4298.475848550746,6,27172653.243004944,623.8007790161615,14.512080695436676
OSDEV,75,Developed Open Space,developed open space,0.217,DANA POINT,4071.5603518392577,23,28071911.240833767,644.4449845917262,15.827897688493056
OSDEV,75,Developed Open Space,developed open space,0.217,IRVINE,96.05123754093846,37,237946.62622952583,5.462524747908314,5.687071856313119
OSDEV,75,Developed Open Space,developed open space,0.217,LAGUNA BEACH,5632.041056195566,47,13616870.541611165,312.60158423454396,5.550391602447202
OSDEV,75,Developed Open Space,developed open space,0.217,LAGUNA HILLS,3498.3869598294223,64,13470759.63721895,309.24732599676656,8.839676472604335
OSDEV,75,Developed Open Space,developed open space,0.217,LAGUNA NIGUEL,9463.77397689814,80,82173314.56897339,1886.4472741785528,19.93327115590417
OSDEV,75,Developed Open Space,developed open space,0.217,LAGUNA WOODS,756.0075788948667,94,1432439.3631479626,32.88441443807633,4.349729264436795
OSDEV,75,Developed Open Space,developed open space,0.217,LAKE FOREST,3303.943394927112,108,21365578.278387,490.488148323152,14.84547789546319
OSDEV,75,Developed Open Space,developed open space,0.217,MISSION VIEJO,11525.934391435894,125,69171574.79912983,1587.9672058369858,13.77728520782155
OSDEV,75,Developed Open Space,developed open space,0.217,NEWPORT BEACH,130.0087677517211,139,508460.74513921665,11.67269924215562,8.978357962515814
OSDEV,75,Developed Open Space,developed open space,0.217,ORANGE CO,94761.16101626148,150,203821438.43667388,4679.1150992854355,4.937778656005279
OSDEV,75,Developed Open Space,developed open space,0.217,RANCHO SANTA MARGARITA,8280.210526037783,169,42350254.79935367,972.23196053446,11.741586383018378
OSDEV,75,Developed Open Space,developed open space,0.217,SAN CLEMENTE,11739.016173821115,185,90156148.02669764,2069.7086467486606,17.630952520007074
OSDEV,75,Developed Open Space,developed open space,0.217,SAN JUAN CAPISTRANO,9220.309393249185,204,46313463.52669856,1063.2150776195692,11.531183818429785
OSIRR,76,Developed Open Space,developed open space,0.217,ALISO VIEJO,4298.475848550746,8,14169557.601793502,325.28958402649096,7.567526126246088
OSIRR,76,Developed Open Space,developed open space,0.217,DANA POINT,4071.5603518392577,25,7278682.446212864,167.09622500068858,4.103968556943394
OSIRR,76,Developed Open Space,developed open space,0.217,IRVINE,96.05123754093846,38,61.43356920991662,0.00141032633023256,0.00146830038325304
OSIRR,76,Developed Open Space,developed open space,0.217,LAGUNA BEACH,5632.041056195566,49,1877865.8254513736,43.11003987459159,0.7654395094861962
OSIRR,76,Developed Open Space,developed open space,0.217,LAGUNA HILLS,3498.3869598294223,66,1662114.4395776992,38.15704977170347,1.0906997305271655
OSIRR,76,Developed Open Space,developed open space,0.217,LAGUNA NIGUEL,9463.77397689814,82,16849980.900901638,386.8238820254234,4.087400393074772
OSIRR,76,Developed Open Space,developed open space,0.217,LAGUNA WOODS,756.0075788948667,96,5517319.337227669,126.66073017840282,16.75382986519009
OSIRR,76,Developed Open Space,developed open space,0.217,LAKE FOREST,3303.943394927112,110,9412269.44927602,216.07683880777705,6.539941780874635
OSIRR,76,Developed Open Space,developed open space,0.217,MISSION VIEJO,11525.934391435894,127,33560239.94272276,770.4401786980087,6.684378643633725
OSIRR,76,Developed Open Space,developed open space,0.217,ORANGE CO,94761.16101626148,152,40241179.3425227,923.8140566511244,0.9748829071860596
OSIRR,76,Developed Open Space,developed open space,0.217,RANCHO SANTA MARGARITA,8280.210526037783,171,26079458.865073685,598.7043889628582,7.230516570382249
OSIRR,76,Developed Open Space,developed open space,0.217,SAN CLEMENTE,11739.016173821115,187,42501094.59869751,975.6947796966468,8.311521702281102
OSIRR,76,Developed Open Space,developed open space,0.217,SAN JUAN CAPISTRANO,9220.309393249185,206,13976549.132780138,320.85870154142316,3.479898606686907
OSLOW,77,Open Space,open space,0.078,ALISO VIEJO,4298.475848550746,9,11357637.65557396,260.7365263145288,6.065765926249762
OSLOW,77,Open Space,open space,0.078,DANA POINT,4071.5603518392577,26,5658132.782509029,129.89337500248067,3.190247575989469
OSLOW,77,Open Space,open space,0.078,IRVINE,96.05123754093846,39,2047986.0866103256,47.015479306227,48.94813689876637
OSLOW,77,Open Space,open space,0.078,LAGUNA BEACH,5632.041056195566,50,85712552.23253092,1967.6973159726451,34.93741301879682
OSLOW,77,Open Space,open space,0.078,LAGUNA HILLS,3498.3869598294223,67,5739655.606660489,131.76488901174915,3.7664318860582777
OSLOW,77,Open Space,open space,0.078,LAGUNA NIGUEL,9463.77397689814,83,66213265.6941345,1520.053502020015,16.06174688367082
OSLOW,77,Open Space,open space,0.078,LAGUNA WOODS,756.0075788948667,97,270189.0759516091,6.202712504847457,0.8204531101512696
OSLOW,77,Open Space,open space,0.078,LAKE FOREST,3303.943394927112,111,10102901.010064697,231.9316212532133,7.019814379500669
OSLOW,77,Open Space,open space,0.078,MISSION VIEJO,11525.934391435894,128,18135780.251717035,416.3418915302037,3.612203679327343
OSLOW,77,Open Space,open space,0.078,NEWPORT BEACH,130.0087677517211,141,4378912.327560353,100.52639676910492,77.32247324726232
OSLOW,77,Open Space,open space,0.078,ORANGE CO,94761.16101626148,153,3095730036.3415403,71068.46692605222,74.99716327902856
OSLOW,77,Open Space,open space,0.078,RANCHO SANTA MARGARITA,8280.210526037783,172,126909881.87153947,2913.4616508859026,35.185699540964286
OSLOW,77,Open Space,open space,0.078,SAN CLEMENTE,11739.016173821115,188,88671047.16202888,2035.615285750266,17.340525927861155
OSLOW,77,Open Space,open space,0.078,SAN JUAN CAPISTRANO,9220.309393249185,207,81548407.01912646,1872.1013134465825,20.304023923747113
OSFOR,78,Open Space,open space,0.078,ALISO VIEJO,4298.475848550746,7,29921.864563278108,0.6869142390058639,0.01598035014162639
OSFOR,78,Open Space,open space,0.078,DANA POINT,4071.5603518392577,24,273095.4639081637,6.269434258340141,0.15398050474177755
OSFOR,78,Open Space,open space,0.078,LAGUNA BEACH,5632.041056195566,48,4064436.058392072,93.3069861383168,1.6567104532752448
OSFOR,78,Open Space,open space,0.078,LAGUNA HILLS,3498.3869598294223,65,38464.60666472059,0.8830293967770622,0.02524094317759698
OSFOR,78,Open Space,open space,0.078,LAGUNA NIGUEL,9463.77397689814,81,3182193.5994446967,73.05340514823878,0.7719236861873406
OSFOR,78,Open Space,open space,0.078,LAGUNA WOODS,756.0075788948667,95,51460.22643345957,1.1813689686635178,0.15626354499240458
OSFOR,78,Open Space,open space,0.078,LAKE FOREST,3303.943394927112,109,173939.77161579396,3.9931236771572025,0.12085884131094676
OSFOR,78,Open Space,open space,0.078,MISSION VIEJO,11525.934391435894,126,692504.9924930295,15.89779069149012,0.1379300502717022
OSFOR,78,Open Space,open space,0.078,NEWPORT BEACH,130.0087677517211,140,9686.79863817814,0.22237918699469553,0.17104869258011496
OSFOR,78,Open Space,open space,0.078,ORANGE CO,94761.16101626148,151,302848677.2533664,6952.476782637963,7.336812780887696
OSFOR,78,Open Space,open space,0.078,RANCHO SANTA MARGARITA,8280.210526037783,170,842654.4330325885,19.34476133288413,0.2336255085916629
OSFOR,78,Open Space,open space,0.078,SAN CLEMENTE,11739.016173821115,186,3891362.8820518698,89.33375683081026,0.760995624960126
OSFOR,78,Open Space,open space,0.078,SAN JUAN CAPISTRANO,9220.309393249185,205,215291.98453894324,4.9424436572420785,0.0536036663922135
OSWET,79,Open Space,open space,0.078,ALISO VIEJO,4298.475848550746,11,573776.575777043,13.17215038774636,0.3064364710491171
OSWET,79,Open Space,open space,0.078,LAGUNA BEACH,5632.041056195566,51,1006022.8608753282,23.095199379679617,0.41006638212568675
OSWET,79,Open Space,open space,0.078,LAGUNA HILLS,3498.3869598294223,68,95820.08536779252,2.199735276613495,0.06287830657213643
OSWET,79,Open Space,open space,0.078,LAGUNA NIGUEL,9463.77397689814,85,347444.67512326234,7.976264116302393,0.08428172767807515
OSWET,79,Open Space,open space,0.078,LAGUNA WOODS,756.0075788948667,99,9686.801787393888,0.2223792592910303,0.02941483339359584
OSWET,79,Open Space,open space,0.078,LAKE FOREST,3303.943394927112,113,150119.04717614557,3.446272902987505,0.10430745040006066
OSWET,79,Open Space,open space,0.078,MISSION VIEJO,11525.934391435894,129,1131233.3999348013,25.96964933154215,0.22531401421428213
OSWET,79,Open Space,open space,0.078,ORANGE CO,94761.16101626148,155,71290294.22303125,1636.6065056258872,1.7270788386874685
OSWET,79,Open Space,open space,0.078,RANCHO SANTA MARGARITA,8280.210526037783,174,10777399.7259446,247.4160430595233,2.988028536452356
OSWET,79,Open Space,open space,0.078,SAN CLEMENTE,11739.016173821115,190,97761.64349800003,2.2443074964588425,0.01911828458199748
OSWET,79,Open Space,open space,0.078,SAN JUAN CAPISTRANO,9220.309393249185,209,1584490.031735246,36.37503144431559,0.3945083011093731
WATER,80,Water,water,0.797,DANA POINT,4071.5603518392577,35,946698.153598876,21.733286051488772,0.5337805961445198
WATER,80,Water,water,0.797,LAGUNA BEACH,5632.041056195566,58,174563.21851546864,4.007436105841081,0.07115395708460429
WATER,80,Water,water,0.797,LAGUNA NIGUEL,9463.77397689814,92,1979415.8927871103,45.441317963141294,0.4801587221860624
WATER,80,Water,water,0.797,MISSION VIEJO,11525.934391435894,137,6569964.1295613805,150.82622611333196,1.3085761005294168
WATER,80,Water,water,0.797,ORANGE CO,94761.16101626148,163,3532154.632073063,81.08743711510509,0.08556998658106987
WATER,80,Water,water,0.797,RANCHO SANTA MARGARITA,8280.210526037783,180,2925385.946426891,67.15788907267634,0.8110617505461508
WATER,80,Water,water,0.797,SAN CLEMENTE,11739.016173821115,198,35938.04648657134,0.8250273241319684,0.00702805083330438
OSVAC,9999,Developed Open Space,developed open space,0.217,ALISO VIEJO,4298.475848550746,10,710171.3407935408,16.303355865184255,0.37928073173477866
OSVAC,9999,Developed Open Space,developed open space,0.217,DANA POINT,4071.5603518392577,27,36835.10624524466,0.8456210648785966,0.0207688848825666
OSVAC,9999,Developed Open Space,developed open space,0.217,LAGUNA NIGUEL,9463.77397689814,84,21669.86755686928,0.49747369689163334,0.00525658905435828
OSVAC,9999,Developed Open Space,developed open space,0.217,LAGUNA WOODS,756.0075788948667,98,156.80065932010623,0.00359966222508322,4.7613911909596e-4
OSVAC,9999,Developed Open Space,developed open space,0.217,LAKE FOREST,3303.943394927112,112,20.474021289882984,4.7002073430242e-4,1.4225995970240934e-5
OSVAC,9999,Developed Open Space,developed open space,0.217,ORANGE CO,94761.16101626148,154,1611233.651441757,36.988982929194165,0.03903375030099403
OSVAC,9999,Developed Open Space,developed open space,0.217,RANCHO SANTA MARGARITA,8280.210526037783,173,30707.808926246955,0.7049571110617806,0.00851372424673709
OSVAC,9999,Developed Open Space,developed open space,0.217,SAN CLEMENTE,11739.016173821115,189,853344.1589832101,19.59016465496066,0.16688013717936395
OSVAC,9999,Developed Open Space,developed open space,0.217,SAN JUAN CAPISTRANO,9220.309393249185,208,103187.22140245885,2.3688621247149384,0.02569168287357377
