Station,date,Flow_cfs_md,wet_within_72
J03-9216-2,2019-03-11,6.6483521175857145,FALSE
J03-9216-2,2019-03-17,4.650252094364285,FALSE
J03-9216-2,2019-03-18,4.756755851728571,FALSE
J03-9216-2,2019-03-19,4.761676660821428,FALSE
J03-9216-2,2019-03-20,4.713860117457143,FALSE
J03-9216-2,2019-03-21,6.056759086517857,FALSE
J03-9216-2,2019-03-26,4.329527628035715,FALSE
J03-9216-2,2019-03-27,4.477603586539286,FALSE
J03-9216-2,2019-03-28,4.163300751467857,FALSE
J03-9216-2,2019-03-29,4.281347041528571,FALSE
J03-9216-2,2019-03-30,4.424007568925,FALSE
J03-9216-2,2019-03-31,4.587350521114286,FALSE
J03-9216-2,2019-04-01,5.053561170471428,FALSE
J03-9216-2,2019-04-02,5.870312820882143,FALSE
J03-9216-2,2019-04-03,4.3725108033357145,FALSE
J03-9216-2,2019-04-04,4.214407345060715,FALSE
J03-9216-2,2019-04-05,4.440905596217857,FALSE
J03-9216-2,2019-04-06,4.400825889235715,FALSE
J03-9216-2,2019-04-07,4.489562807,FALSE
J03-9216-2,2019-04-08,4.658084524632143,FALSE
J03-9216-2,2019-04-09,6.990421210382142,FALSE
J03-9216-2,2019-04-10,4.036028216021428,FALSE
J03-9216-2,2019-04-11,4.3904732996,FALSE
J03-9216-2,2019-04-12,4.744743158535714,FALSE
J03-9216-2,2019-04-13,4.782858365210714,FALSE
J03-9216-2,2019-04-14,4.354722317178571,FALSE
J03-9216-2,2019-04-15,4.29973515265,FALSE
J03-9216-2,2019-04-16,4.561801578839286,FALSE
J03-9216-2,2019-04-17,4.333109436935715,FALSE
J03-9216-2,2019-04-18,4.898646500314285,FALSE
J03-9216-2,2019-04-19,5.316721319203571,FALSE
J03-9216-2,2019-04-20,4.710110055503572,FALSE
J03-9216-2,2019-04-21,4.208724592010714,FALSE
J03-9216-2,2019-04-22,4.408060392935714,FALSE
J03-9216-2,2019-04-23,5.237659489678571,FALSE
J03-9216-2,2019-04-24,4.6416833087928575,FALSE
J03-9216-2,2019-04-25,4.102509113528572,FALSE
J03-9216-2,2019-04-26,4.0361753381392855,FALSE
J03-9216-2,2019-04-27,3.645243859557143,FALSE
J03-9216-2,2019-04-28,3.7205740270285714,FALSE
J03-9216-2,2019-04-29,4.250671034882143,FALSE
J03-9216-2,2019-04-30,3.6707849364821428,FALSE
J03-9216-2,2019-05-01,2.3517615415663085,FALSE
J03-9216-2,2019-05-02,2.1199737766840276,FALSE
J03-9216-2,2019-05-03,2.2814243292291665,FALSE
J03-9216-2,2019-05-04,2.19987474425,FALSE
J03-9216-2,2019-05-05,2.1149408326805554,FALSE
J03-9216-2,2019-05-06,2.1516857987777778,FALSE
J03-9216-2,2019-05-07,1.8342542207368422,FALSE
J03-9216-2,2019-05-08,2.069909335729412,FALSE
J03-9216-2,2019-05-09,1.8169013375660377,FALSE
J03-9216-2,2019-05-10,3.1188963726235293,FALSE
J03-9216-2,2019-05-11,2.97944535525,FALSE
J03-9216-2,2019-05-12,2.740140743236111,FALSE
J03-9216-2,2019-05-13,2.8988693441493054,FALSE
J03-9216-2,2019-05-14,2.7968802100714285,FALSE
J03-9216-2,2019-05-15,2.620157338984314,FALSE
J03-9216-2,2019-05-16,26.666032045368055,FALSE
J03-9216-2,2019-05-24,3.755343712920139,FALSE
J03-9216-2,2019-05-25,3.592748861579861,FALSE
J03-9216-2,2019-05-26,11.547441345166666,FALSE
J03-9216-2,2019-05-31,5.515717107833333,FALSE
J03-9216-2,2019-06-01,5.430489939326389,FALSE
J03-9216-2,2019-06-02,5.647745603010416,FALSE
J03-9216-2,2019-06-03,5.9702378675972225,FALSE
J03-9216-2,2019-06-04,5.647332597399306,FALSE
J03-9216-2,2019-06-05,5.595855407295139,FALSE
J03-9216-2,2019-06-06,5.580867668503473,FALSE
J03-9216-2,2019-06-07,5.804288763375,FALSE
J03-9216-2,2019-06-08,5.418777878902778,FALSE
J03-9216-2,2019-06-09,5.4644382188125,FALSE
J03-9216-2,2019-06-10,5.820980093590277,FALSE
J03-9216-2,2019-06-11,6.064962257138889,FALSE
J03-9216-2,2019-06-12,5.603841350791667,FALSE
J03-9216-2,2019-06-13,5.319282280694445,FALSE
J03-9216-2,2019-06-14,5.26846515496875,FALSE
J03-9216-2,2019-06-15,5.286681035440973,FALSE
J03-9216-2,2019-06-16,5.356687252333334,FALSE
J03-9216-2,2019-06-17,5.176362283548611,FALSE
J03-9216-2,2019-06-18,4.9454310849375,FALSE
J03-9216-2,2019-06-19,5.559225207354166,FALSE
J03-9216-2,2019-06-20,5.619742988572916,FALSE
J03-9216-2,2019-06-21,5.7755822761631945,FALSE
J03-9216-2,2019-06-22,5.559574646868056,FALSE
J03-9216-2,2019-06-23,5.3893194920868055,FALSE
J03-9216-2,2019-06-24,5.334770732503472,FALSE
J03-9216-2,2019-06-25,5.056014385989584,FALSE
J03-9216-2,2019-06-26,4.994836824586805,FALSE
J03-9216-2,2019-06-27,4.611038205350694,FALSE
J03-9216-2,2019-06-28,4.700646257395833,FALSE
J03-9216-2,2019-06-29,4.9046214660625,FALSE
J03-9216-2,2019-06-30,4.676409072295139,FALSE
J03-9216-2,2019-07-01,4.8676085561354165,FALSE
J03-9216-2,2019-07-02,4.350274370361111,FALSE
J03-9216-2,2019-07-03,5.1272975503715275,FALSE
J03-9216-2,2019-07-04,5.305231901298611,FALSE
J03-9216-2,2019-07-05,4.513437683361111,FALSE
J03-9216-2,2019-07-06,4.392800008375,FALSE
J03-9216-2,2019-07-07,4.66063748659375,FALSE
J03-9216-2,2019-07-08,5.077587247607639,FALSE
J03-9216-2,2019-07-09,4.83714432853125,FALSE
J03-9216-2,2019-07-10,4.987476419135417,FALSE
J03-9216-2,2019-07-11,4.917093732576389,FALSE
J03-9216-2,2019-07-12,4.936825866309028,FALSE
J03-9216-2,2019-07-13,4.824681548975694,FALSE
J03-9216-2,2019-07-14,4.8731405753958335,FALSE
J03-9216-2,2019-07-15,4.893096724822917,FALSE
J03-9216-2,2019-07-16,4.770201842041667,FALSE
J03-9216-2,2019-07-17,7.894221860357639,FALSE
J03-9216-2,2019-07-18,7.818140039715278,FALSE
J03-9216-2,2019-07-19,5.5604722236180555,FALSE
J03-9216-2,2019-07-20,5.645737206753473,FALSE
J03-9216-2,2019-07-21,5.349203627267361,FALSE
J03-9216-2,2019-07-22,5.68762534075,FALSE
J03-9216-2,2019-07-23,5.901074301350694,FALSE
J03-9216-2,2019-07-24,5.437303085854015,FALSE
J03-9221-1 (J03P02),2019-03-11,0.4124668682916667,FALSE
J03-9221-1 (J03P02),2019-03-17,0.13670475825614034,FALSE
J03-9221-1 (J03P02),2019-03-18,0.12602641148510638,FALSE
J03-9221-1 (J03P02),2019-03-19,0.144143200302521,FALSE
J03-9221-1 (J03P02),2019-03-20,0.11858213941566265,FALSE
J03-9221-1 (J03P02),2019-03-21,0.14044744375449103,FALSE
J03-9221-1 (J03P02),2019-03-26,0.13586975263194445,FALSE
J03-9221-1 (J03P02),2019-03-27,0.12993174703819443,FALSE
J03-9221-1 (J03P02),2019-03-28,0.08075313244186047,FALSE
J03-9221-1 (J03P02),2019-03-29,0.12829596924705883,FALSE
J03-9221-1 (J03P02),2019-03-30,0.14659153380555556,FALSE
J03-9221-1 (J03P02),2019-03-31,0.12949519243055554,FALSE
J03-9221-1 (J03P02),2019-04-01,0.12342746547569444,FALSE
J03-9221-1 (J03P02),2019-04-02,0.1559209016423611,FALSE
J03-9221-1 (J03P02),2019-04-03,0.17639508689930555,FALSE
J03-9221-1 (J03P02),2019-04-04,0.11983820334722223,FALSE
J03-9221-1 (J03P02),2019-04-05,0.12897273378819443,FALSE
J03-9221-1 (J03P02),2019-04-06,0.1267588039473684,FALSE
J03-9221-1 (J03P02),2019-04-07,0.11393690159090909,FALSE
J03-9221-1 (J03P02),2019-04-08,0.11930426661111111,FALSE
J03-9221-1 (J03P02),2019-04-09,0.1273952121660079,FALSE
J03-9221-1 (J03P02),2019-04-10,0.1066567365625,FALSE
J03-9221-1 (J03P02),2019-04-11,0.10683745595833333,FALSE
J03-9221-1 (J03P02),2019-04-12,0.10594383836458333,FALSE
J03-9221-1 (J03P02),2019-04-13,0.10436822879513889,FALSE
J03-9221-1 (J03P02),2019-04-14,0.10516643378125,FALSE
J03-9221-1 (J03P02),2019-04-15,0.11785806625347223,FALSE
J03-9221-1 (J03P02),2019-04-16,0.11643252638194444,FALSE
J03-9221-1 (J03P02),2019-04-17,0.6913060665173612,FALSE
J03-9221-1 (J03P02),2019-04-18,0.1178538295173611,FALSE
J03-9221-1 (J03P02),2019-04-19,0.12813876905555555,FALSE
J03-9221-1 (J03P02),2019-04-20,0.11204143675347222,FALSE
J03-9221-1 (J03P02),2019-04-21,0.09427019591319445,FALSE
J03-9221-1 (J03P02),2019-04-22,0.10653061322569445,FALSE
J03-9221-1 (J03P02),2019-04-23,0.11692491579861111,FALSE
J03-9221-1 (J03P02),2019-04-24,0.1288206254201389,FALSE
J03-9221-1 (J03P02),2019-04-25,0.12067798347569444,FALSE
J03-9221-1 (J03P02),2019-04-26,0.11883625059375,FALSE
J03-9221-1 (J03P02),2019-04-27,0.10918977132291667,FALSE
J03-9221-1 (J03P02),2019-04-28,0.10534816615625,FALSE
J03-9221-1 (J03P02),2019-04-29,0.10464699233333333,FALSE
J03-9221-1 (J03P02),2019-04-30,0.1586462448576389,FALSE
J03-9221-1 (J03P02),2019-05-01,0.10474766900694445,FALSE
J03-9221-1 (J03P02),2019-05-02,0.10745184752777778,FALSE
J03-9221-1 (J03P02),2019-05-03,0.12069702229166666,FALSE
J03-9221-1 (J03P02),2019-05-04,0.11655661181944445,FALSE
J03-9221-1 (J03P02),2019-05-05,0.10948157835763889,FALSE
J03-9221-1 (J03P02),2019-05-06,0.10975514132986111,FALSE
J03-9221-1 (J03P02),2019-05-07,0.10014162327777777,FALSE
J03-9221-1 (J03P02),2019-05-08,0.11015452861538462,FALSE
J03-9221-1 (J03P02),2019-05-09,0.1060893111025641,FALSE
J03-9221-1 (J03P02),2019-05-15,0.0978040025751634,FALSE
J03-9221-1 (J03P02),2019-05-16,0.7614385345296167,FALSE
J03-9221-1 (J03P02),2019-05-24,0.0968225009375,FALSE
J03-9221-1 (J03P02),2019-05-25,0.09569217101388888,FALSE
J03-9221-1 (J03P02),2019-05-26,0.5048969136284722,FALSE
J03-9221-1 (J03P02),2019-05-31,0.12050726157986111,FALSE
J03-9221-1 (J03P02),2019-06-01,0.10282031887847222,FALSE
J03-9221-1 (J03P02),2019-06-02,0.10679704583680555,FALSE
J03-9221-1 (J03P02),2019-06-03,0.10998560530208333,FALSE
J03-9221-1 (J03P02),2019-06-04,0.10783301867361111,FALSE
J03-9221-1 (J03P02),2019-06-05,0.10982118025347222,FALSE
J03-9221-1 (J03P02),2019-06-06,0.11110783508333333,FALSE
J03-9221-1 (J03P02),2019-06-07,0.10698455927430556,FALSE
J03-9221-1 (J03P02),2019-06-08,0.09842746067013888,FALSE
J03-9221-1 (J03P02),2019-06-09,0.1016660289375,FALSE
J03-9221-1 (J03P02),2019-06-10,0.11066850275694444,FALSE
J03-9221-1 (J03P02),2019-06-11,0.11216310739236111,FALSE
J03-9221-1 (J03P02),2019-06-12,0.12106267645138889,FALSE
J03-9221-1 (J03P02),2019-06-13,0.10960666456944444,FALSE
J03-9221-1 (J03P02),2019-06-14,0.09949581476041666,FALSE
J03-9221-1 (J03P02),2019-06-15,0.09973219639236111,FALSE
J03-9221-1 (J03P02),2019-06-16,0.09714354409722223,FALSE
J03-9221-1 (J03P02),2019-06-17,0.09966470735416667,FALSE
J03-9221-1 (J03P02),2019-06-18,0.18268342636111112,FALSE
J03-9221-1 (J03P02),2019-06-19,0.3261163790868056,FALSE
J03-9221-1 (J03P02),2019-06-20,0.21323727144791665,FALSE
J03-9221-1 (J03P02),2019-06-21,0.09996696380555556,FALSE
J03-9221-1 (J03P02),2019-06-22,0.15227409662847222,FALSE
J03-9221-1 (J03P02),2019-06-23,0.09442022222222222,FALSE
J03-9221-1 (J03P02),2019-06-24,0.10049180247569445,FALSE
J03-9221-1 (J03P02),2019-06-25,0.14612754822916665,FALSE
J03-9221-1 (J03P02),2019-06-26,0.17209461764930556,FALSE
J03-9221-1 (J03P02),2019-06-27,0.09944976365972222,FALSE
J03-9221-1 (J03P02),2019-06-28,0.09373250422916667,FALSE
J03-9221-1 (J03P02),2019-06-29,0.09499039561111111,FALSE
J03-9221-1 (J03P02),2019-06-30,0.09066065666319445,FALSE
J03-9221-1 (J03P02),2019-07-01,0.09080127479861111,FALSE
J03-9221-1 (J03P02),2019-07-02,0.10635658543055555,FALSE
J03-9221-1 (J03P02),2019-07-03,0.09767564961111111,FALSE
J03-9221-1 (J03P02),2019-07-04,0.09463575428472222,FALSE
J03-9221-1 (J03P02),2019-07-05,0.09804990402430555,FALSE
J03-9221-1 (J03P02),2019-07-06,0.09669795034027778,FALSE
J03-9221-1 (J03P02),2019-07-07,0.08987464629166667,FALSE
J03-9221-1 (J03P02),2019-07-08,0.0901959784861111,FALSE
J03-9221-1 (J03P02),2019-07-09,0.0916354704861111,FALSE
J03-9221-1 (J03P02),2019-07-10,0.09213218359375,FALSE
J03-9221-1 (J03P02),2019-07-11,0.09747954029166667,FALSE
J03-9221-1 (J03P02),2019-07-12,0.10355427497569444,FALSE
J03-9221-1 (J03P02),2019-07-13,0.09454389331944445,FALSE
J03-9221-1 (J03P02),2019-07-14,0.10020805319444444,FALSE
J03-9221-1 (J03P02),2019-07-15,0.09638748515277777,FALSE
J03-9221-1 (J03P02),2019-07-16,0.10301818309722222,FALSE
J03-9221-1 (J03P02),2019-07-17,0.096161977875,FALSE
J03-9221-1 (J03P02),2019-07-18,0.0873294186701389,FALSE
J03-9221-1 (J03P02),2019-07-19,0.09241902968055556,FALSE
J03-9221-1 (J03P02),2019-07-20,0.09153643619791667,FALSE
J03-9221-1 (J03P02),2019-07-21,0.08893401817708334,FALSE
J03-9221-1 (J03P02),2019-07-22,0.10160484731944444,FALSE
J03-9221-1 (J03P02),2019-07-23,0.10954175218402777,FALSE
J03-9221-1 (J03P02),2019-07-24,0.0888921657744361,FALSE
K01-12177-1 (K01P07),2019-08-03,0.40489248278472223,FALSE
K01-12177-1 (K01P07),2019-08-04,0.5055251566736111,FALSE
K01-12177-1 (K01P07),2019-08-05,0.4767758431909722,FALSE
K01-12177-1 (K01P07),2019-08-06,0.4612684038125,FALSE
K01-12177-1 (K01P07),2019-08-07,0.3903183433784722,FALSE
K01-12177-1 (K01P07),2019-08-08,0.4331185144722222,FALSE
K01-12177-1 (K01P07),2019-08-09,0.3560328532951389,FALSE
K01-12177-1 (K01P07),2019-08-10,0.3559823287430556,FALSE
K01-12177-1 (K01P07),2019-08-11,0.38248298192361113,FALSE
K01-12177-1 (K01P07),2019-08-12,0.45580311714930555,FALSE
K01-12177-1 (K01P07),2019-08-13,0.40474517147569444,FALSE
K01-12177-1 (K01P07),2019-08-14,0.36309557740625,FALSE
K01-12177-1 (K01P07),2019-08-15,0.4260648117326389,FALSE
K01-12177-1 (K01P07),2019-08-16,0.42471332776041665,FALSE
K01-12177-1 (K01P07),2019-08-17,0.4188425743125,FALSE
K01-12177-1 (K01P07),2019-08-18,0.3595899693645833,FALSE
K01-12177-1 (K01P07),2019-08-19,0.42547913884375,FALSE
K01-12177-1 (K01P07),2019-08-20,0.33373329707291666,FALSE
K01-12177-1 (K01P07),2019-08-21,0.3855199967048611,FALSE
K01-12177-1 (K01P07),2019-08-22,0.41422891728125,FALSE
K01-12177-1 (K01P07),2019-08-23,0.4039002652465278,FALSE
K01-12177-1 (K01P07),2019-08-24,0.42069265270833334,FALSE
K01-12177-1 (K01P07),2019-08-25,0.3547625686736111,FALSE
K01-12177-1 (K01P07),2019-08-26,0.47568296966319445,FALSE
K01-12177-1 (K01P07),2019-08-27,0.4732917612777778,FALSE
K01-12177-1 (K01P07),2019-08-28,0.43487371102430555,FALSE
K01-12177-1 (K01P07),2019-08-29,0.389470395,FALSE
K01-12177-1 (K01P07),2019-08-30,0.4652583062048611,FALSE
K01-12177-1 (K01P07),2019-08-31,0.40103207585416667,FALSE
K01-12177-1 (K01P07),2019-09-01,0.43392116767708333,FALSE
K01-12177-1 (K01P07),2019-09-02,0.4445920583611111,FALSE
K01-12177-1 (K01P07),2019-09-03,0.38839493490625,FALSE
K01-12177-1 (K01P07),2019-09-04,0.38669330653819445,FALSE
K01-12177-1 (K01P07),2019-09-05,0.42925636761458336,FALSE
K01-12177-1 (K01P07),2019-09-06,0.3732685867152778,FALSE
K01-12177-1 (K01P07),2019-09-07,0.45181254787847225,FALSE
K01-12177-1 (K01P07),2019-09-08,0.3310675048576389,FALSE
K01-12177-1 (K01P07),2019-09-09,0.4348025871458333,FALSE
K01-12177-1 (K01P07),2019-09-10,0.32575629037152776,FALSE
K01-12177-1 (K01P07),2019-09-11,0.3293560063263889,FALSE
K01-12177-1 (K01P07),2019-09-12,0.3327374221354167,FALSE
K01-12177-1 (K01P07),2019-09-13,0.38376031150694445,FALSE
K01-12177-1 (K01P07),2019-09-14,0.37318761162847225,FALSE
K01-12177-1 (K01P07),2019-09-15,0.38205765713194445,FALSE
K01-12177-1 (K01P07),2019-09-16,0.37951493850347223,FALSE
K01-12177-1 (K01P07),2019-09-17,0.3262184501388889,FALSE
K01-12177-1 (K01P07),2019-09-18,0.355260348,FALSE
K01-12177-1 (K01P07),2019-09-19,0.36622578127430555,FALSE
K01-12177-1 (K01P07),2019-09-20,0.38677058535416664,FALSE
K01-12177-1 (K01P07),2019-09-21,0.36748780077430554,FALSE
K01-12177-1 (K01P07),2019-09-22,0.38955985204166665,FALSE
K01-12177-1 (K01P07),2019-09-23,0.35273680380555555,FALSE
K01-12177-1 (K01P07),2019-09-24,0.41895322255555556,FALSE
K01-12177-1 (K01P07),2019-09-25,0.45213327113194446,FALSE
K01-12177-1 (K01P07),2019-09-26,0.45843284257291667,FALSE
K01-12177-1 (K01P07),2019-09-27,0.42046078280555554,FALSE
K01-12177-1 (K01P07),2019-09-28,0.3629005947291667,FALSE
K01-12177-1 (K01P07),2019-09-29,0.2633848032743056,FALSE
K01-12177-1 (K01P07),2019-09-30,0.2856812457256944,FALSE
K01-12177-1 (K01P07),2019-10-01,0.2791239136736111,FALSE
K01-12177-1 (K01P07),2019-10-02,0.2980937588715278,FALSE
K01-12177-1 (K01P07),2019-10-03,0.3158372355208333,FALSE
K01-12177-1 (K01P07),2019-10-04,0.32040324166319445,FALSE
K01-12177-1 (K01P07),2019-10-05,0.34781390153125,FALSE
K01-12177-1 (K01P07),2019-10-06,0.2953628252916667,FALSE
K01-12177-1 (K01P07),2019-10-07,0.3637215411145833,FALSE
K01-12177-1 (K01P07),2019-10-08,0.40252059972569443,FALSE
K01-12177-1 (K01P07),2019-10-09,0.4098124050902778,FALSE
K01-12177-1 (K01P07),2019-10-10,0.32257564359722224,FALSE
K01-12177-1 (K01P07),2019-10-11,0.29434673662152777,FALSE
K01-12177-1 (K01P07),2019-10-12,0.3368000362708333,FALSE
K01-12177-1 (K01P07),2019-10-13,0.40070762581597225,FALSE
K01-12177-1 (K01P07),2019-10-14,0.41599667878472224,FALSE
K01-12177-1 (K01P07),2019-10-15,0.37087900149999997,FALSE
K01-12177-1 (K01P07),2019-10-16,0.38326957703125,FALSE
K01-12177-1 (K01P07),2019-10-17,0.40422968171875,FALSE
K01-12177-1 (K01P07),2019-10-18,0.30700305621875,FALSE
K01-12177-1 (K01P07),2019-10-19,0.32989213499305553,FALSE
K01-12177-1 (K01P07),2019-10-20,0.3533096921493056,FALSE
K01-12177-1 (K01P07),2019-10-21,0.31637436983333334,FALSE
K01-12177-1 (K01P07),2019-10-22,0.3148387317986111,FALSE
K01-12177-1 (K01P07),2019-10-23,0.29263157302777776,FALSE
K01-12177-1 (K01P07),2019-10-24,0.37206585703819445,FALSE
K01-12177-1 (K01P07),2019-10-25,0.2904839260173611,FALSE
K01-12177-1 (K01P07),2019-10-26,0.2814994276527778,FALSE
K01-12177-1 (K01P07),2019-10-27,0.3742318248854167,FALSE
K01-12177-1 (K01P07),2019-10-28,0.2506659629201389,FALSE
K01-12177-1 (K01P07),2019-10-29,0.3185669403715278,FALSE
K01-12177-1 (K01P07),2019-10-30,0.3331169786215278,FALSE
K01-12177-1 (K01P07),2019-10-31,0.2842812941631944,FALSE
K01-12177-1 (K01P07),2019-11-01,0.37302018956944444,FALSE
K01-12177-1 (K01P07),2019-11-02,0.3659020933125,FALSE
K01-12177-1 (K01P07),2019-11-03,0.4227413053472222,FALSE
K01-12177-1 (K01P07),2019-11-04,0.3413395387638889,FALSE
K01-12177-1 (K01P07),2019-11-05,0.41729732546180553,FALSE
K01-12177-1 (K01P07),2019-11-06,0.5160239175833333,FALSE
K01-12177-1 (K01P07),2019-11-07,0.42820793803472224,FALSE
K01-12177-1 (K01P07),2019-11-08,0.41168574296180555,FALSE
K01-12177-1 (K01P07),2019-11-09,0.3214694271006944,FALSE
K01-12177-1 (K01P07),2019-11-10,0.46884957736805555,FALSE
K01-12177-1 (K01P07),2019-11-11,0.3849694625243056,FALSE
K01-12177-1 (K01P07),2019-11-12,0.3917031370347222,FALSE
K01-12177-1 (K01P07),2019-11-13,0.40446537228819446,FALSE
K01-12177-1 (K01P07),2019-11-14,0.38993011604166666,FALSE
K01-12177-1 (K01P07),2019-11-15,0.3363764769722222,FALSE
K01-12177-1 (K01P07),2019-11-16,0.40114811145833335,FALSE
K01-12177-1 (K01P07),2019-11-17,0.32773798209375,FALSE
K01-12177-1 (K01P07),2019-11-18,0.3479869024791667,FALSE
K01-12177-1 (K01P07),2019-11-19,0.4675265734722222,FALSE
K01-12177-1 (K01P07),2019-11-20,2.938605579885417,FALSE
K01-12177-1 (K01P07),2019-11-25,0.32641413534722225,FALSE
L01-728-3 (L01S02),2019-08-08,0.026162431587205992,FALSE
L01-728-3 (L01S02),2019-08-09,0.02530517295946678,FALSE
L01-728-3 (L01S02),2019-08-10,0.025198878459204797,FALSE
L01-728-3 (L01S02),2019-08-11,0.024778976891345447,FALSE
L01-728-3 (L01S02),2019-08-12,0.02557371652405792,FALSE
L01-728-3 (L01S02),2019-08-13,0.027785165721906556,FALSE
L01-728-3 (L01S02),2019-08-14,0.026424625334686706,FALSE
L01-728-3 (L01S02),2019-08-15,0.025164617296682464,FALSE
L01-728-3 (L01S02),2019-08-16,0.02550551870175203,FALSE
L01-728-3 (L01S02),2019-08-17,0.026386682817776997,FALSE
L01-728-3 (L01S02),2019-08-18,0.026587428835140335,FALSE
L01-728-3 (L01S02),2019-08-19,0.027983108954217698,FALSE
L01-728-3 (L01S02),2019-08-20,0.026720021543734596,FALSE
L01-728-3 (L01S02),2019-08-21,0.026353632606744774,FALSE
L01-728-3 (L01S02),2019-08-22,0.02726063385213746,FALSE
L01-728-3 (L01S02),2019-08-23,0.029750089192085792,FALSE
L01-728-3 (L01S02),2019-08-24,0.03213563945333163,FALSE
L01-728-3 (L01S02),2019-08-25,0.03467836368205812,FALSE
L01-728-3 (L01S02),2019-08-26,0.03546162096181181,FALSE
L01-728-3 (L01S02),2019-08-27,0.031798808438075914,FALSE
L01-728-3 (L01S02),2019-08-28,0.02846080374472671,FALSE
L01-728-3 (L01S02),2019-08-29,0.02910994677333037,FALSE
L01-728-3 (L01S02),2019-08-30,0.03048414983944098,FALSE
L01-728-3 (L01S02),2019-08-31,0.03201257567755382,FALSE
L01-728-3 (L01S02),2019-09-01,0.030356367414805626,FALSE
L01-728-3 (L01S02),2019-09-02,0.03438718733195464,FALSE
L01-728-3 (L01S02),2019-09-03,0.036936232446021504,FALSE
L01-728-3 (L01S02),2019-09-04,0.034351559924734966,FALSE
L01-728-3 (L01S02),2019-09-05,0.034294255343609394,FALSE
L01-728-3 (L01S02),2019-09-06,0.03399143210240206,FALSE
L01-728-3 (L01S02),2019-09-07,0.031858396847314306,FALSE
L01-728-3 (L01S02),2019-09-08,0.03093087239728371,FALSE
L01-728-3 (L01S02),2019-09-09,0.03022880363290178,FALSE
L01-728-3 (L01S02),2019-09-10,0.029406130278441644,FALSE
L01-728-3 (L01S02),2019-09-11,0.02819122352415986,FALSE
L01-728-3 (L01S02),2019-09-12,0.028770630997472343,FALSE
L01-728-3 (L01S02),2019-09-13,0.03160518886937698,FALSE
L01-728-3 (L01S02),2019-09-14,0.03311474015632604,FALSE
L01-728-3 (L01S02),2019-09-15,0.029616233855009083,FALSE
L01-728-3 (L01S02),2019-09-16,0.03079688239080376,FALSE
L01-728-3 (L01S02),2019-09-17,0.030153320807125832,FALSE
L01-728-3 (L01S02),2019-09-18,0.029909382043759026,FALSE
L01-728-3 (L01S02),2019-09-19,0.030160759625209706,FALSE
L01-728-3 (L01S02),2019-09-20,0.03317778957328532,FALSE
L01-728-3 (L01S02),2019-09-21,0.03127170958289835,FALSE
L01-728-3 (L01S02),2019-09-22,0.033422808576570616,FALSE
L01-728-3 (L01S02),2019-09-23,0.03190980085978243,FALSE
L01-728-3 (L01S02),2019-09-24,0.02822801035279035,FALSE
L01-728-3 (L01S02),2019-09-25,0.031295886523710355,FALSE
L01-728-3 (L01S02),2019-09-26,0.03518079419530762,FALSE
L01-728-3 (L01S02),2019-09-27,0.03610312505139245,FALSE
L01-728-3 (L01S02),2019-09-28,0.03224506331051721,FALSE
L01-728-3 (L01S02),2019-09-29,0.0268334173275431,FALSE
L01-728-3 (L01S02),2019-09-30,0.02519990920529763,FALSE
L01-728-3 (L01S02),2019-10-01,0.02460113458820184,FALSE
L01-728-3 (L01S02),2019-10-02,0.028377632460600797,FALSE
L01-728-3 (L01S02),2019-10-03,0.025640191945095855,FALSE
L01-728-3 (L01S02),2019-10-04,0.026159392563535104,FALSE
L01-728-3 (L01S02),2019-10-05,0.02993861275207996,FALSE
L01-728-3 (L01S02),2019-10-06,0.029239767410364416,FALSE
L01-728-3 (L01S02),2019-10-07,0.033087437319066784,FALSE
L01-728-3 (L01S02),2019-10-08,0.033440458911405666,FALSE
L01-728-3 (L01S02),2019-10-09,0.03346938501536846,FALSE
L01-728-3 (L01S02),2019-10-10,0.03551414636717902,FALSE
L01-728-3 (L01S02),2019-10-11,0.03094091305317482,FALSE
L01-728-3 (L01S02),2019-10-12,0.02699018647157483,FALSE
L01-728-3 (L01S02),2019-10-13,0.02831457176678048,FALSE
L01-728-3 (L01S02),2019-10-14,0.032897197662075356,FALSE
L01-728-3 (L01S02),2019-10-15,0.03270346684826744,FALSE
L01-728-3 (L01S02),2019-10-16,0.03423165412008762,FALSE
L01-728-3 (L01S02),2019-10-17,0.03528566965214411,FALSE
L01-728-3 (L01S02),2019-10-18,0.03443924583027098,FALSE
L01-728-3 (L01S02),2019-10-19,0.031966078556736305,FALSE
L01-728-3 (L01S02),2019-10-20,0.033091833767679,FALSE
L01-728-3 (L01S02),2019-10-21,0.03651733538599809,FALSE
L01-728-3 (L01S02),2019-10-22,0.0370191701253785,FALSE
L01-728-3 (L01S02),2019-10-23,0.03238984906884697,FALSE
L01-728-3 (L01S02),2019-10-24,0.0335482704209288,FALSE
L01-728-3 (L01S02),2019-10-25,0.03489203616196579,FALSE
L01-728-3 (L01S02),2019-10-26,0.03429112600913974,FALSE
L01-728-3 (L01S02),2019-10-27,0.0302806121847762,FALSE
L01-728-3 (L01S02),2019-10-28,0.0280263220074243,FALSE
L01-728-3 (L01S02),2019-10-29,0.025843830254137515,FALSE
L01-728-3 (L01S02),2019-10-30,0.02748643463481797,FALSE
L01-728-3 (L01S02),2019-10-31,0.025394257118304574,FALSE
L01-728-3 (L01S02),2019-11-01,0.027642744878480827,FALSE
L01-728-3 (L01S02),2019-11-02,0.02792879919677972,FALSE
L01-728-3 (L01S02),2019-11-03,0.026784515981429155,FALSE
L01-728-3 (L01S02),2019-11-04,0.028281288271910617,FALSE
L01-728-3 (L01S02),2019-11-05,0.03204212325939867,FALSE
L01-728-3 (L01S02),2019-11-06,0.034612617922253085,FALSE
L01-728-3 (L01S02),2019-11-07,0.038713490557083716,FALSE
L01-728-3 (L01S02),2019-11-08,0.03524158614361333,FALSE
L01-728-3 (L01S02),2019-11-09,0.03573460427491532,FALSE
L01-728-3 (L01S02),2019-11-10,0.03267680198549562,FALSE
L01-728-3 (L01S02),2019-11-11,0.033153061375829906,FALSE
L01-728-3 (L01S02),2019-11-12,0.033059310319224995,FALSE
L01-728-3 (L01S02),2019-11-13,0.03094760850958029,FALSE
L01-728-3 (L01S02),2019-11-14,0.032867861835850616,FALSE
L01-728-3 (L01S02),2019-11-15,0.029763040613492324,FALSE
L01-728-3 (L01S02),2019-11-16,0.031408370567586684,FALSE
L01-728-3 (L01S02),2019-11-17,0.03110925303128693,FALSE
L01-728-3 (L01S02),2019-11-18,0.03377330692237615,FALSE
L01-728-3 (L01S02),2019-11-19,0.03539877542474535,FALSE
L01-728-3 (L01S02),2019-11-20,0.0347268531110353,FALSE
L01-728-3 (L01S02),2019-11-25,0.023135521799319325,FALSE
L01-728-3 (L01S02),2019-11-26,0.022633697233829235,FALSE
L01-728-3 (L01S02),2019-11-27,0.03886731507437096,FALSE
L01-728-3 (L01S02),2019-12-04,0.06191017370771039,FALSE
L01-728-3 (L01S02),2019-12-14,0.03287536917829514,FALSE
L01-728-3 (L01S02),2019-12-15,0.027996145396590233,FALSE
L01-728-3 (L01S02),2019-12-16,0.017808993251490036,FALSE
L01-766-2 (L01S06),2019-08-08,0.06418285933050848,FALSE
L01-766-2 (L01S06),2019-08-09,0.027032731223958335,FALSE
L01-766-2 (L01S06),2019-08-10,0.03007345407291667,FALSE
L01-766-2 (L01S06),2019-08-11,0.008505141796875,FALSE
L01-766-2 (L01S06),2019-08-12,0.012883410947916667,FALSE
L01-766-2 (L01S06),2019-08-13,0.035824554,FALSE
L01-766-2 (L01S06),2019-08-14,0.04472587527083333,FALSE
L01-766-2 (L01S06),2019-08-15,0.03400307578125,FALSE
L01-766-2 (L01S06),2019-08-16,0.015573988364583333,FALSE
L01-766-2 (L01S06),2019-08-17,0.015041840697916666,FALSE
L01-766-2 (L01S06),2019-08-18,0.0254534843125,FALSE
L01-766-2 (L01S06),2019-08-19,0.0403431834375,FALSE
L01-766-2 (L01S06),2019-08-20,0.061378383229166666,FALSE
L01-766-2 (L01S06),2019-08-21,0.0751066114375,FALSE
L01-766-2 (L01S06),2019-08-22,0.021530045338541668,FALSE
L01-766-2 (L01S06),2019-08-23,0.024501141473958335,FALSE
L01-766-2 (L01S06),2019-08-24,0.07015745867708334,FALSE
L01-766-2 (L01S06),2019-08-25,0.18327684765104166,FALSE
L01-766-2 (L01S06),2019-08-26,0.06973519768229167,FALSE
L01-766-2 (L01S06),2019-08-27,0.037945054171875,FALSE
L01-766-2 (L01S06),2019-08-28,0.041875094661458334,FALSE
L01-766-2 (L01S06),2019-08-29,0.10856274817708333,FALSE
L01-766-2 (L01S06),2019-08-30,0.099521368984375,FALSE
L01-766-2 (L01S06),2019-08-31,0.06859630003645834,FALSE
L01-766-2 (L01S06),2019-09-01,0.023604109197916667,FALSE
L01-766-2 (L01S06),2019-09-02,0.09241200091145833,FALSE
L01-766-2 (L01S06),2019-09-03,0.13016977468229166,FALSE
L01-766-2 (L01S06),2019-09-04,0.12446119020833334,FALSE
L01-766-2 (L01S06),2019-09-05,0.08308780302604167,FALSE
L01-766-2 (L01S06),2019-09-06,0.09126074766666667,FALSE
L01-766-2 (L01S06),2019-09-07,0.08630707050520833,FALSE
L01-766-2 (L01S06),2019-09-08,0.020326471057291667,FALSE
L01-766-2 (L01S06),2019-09-09,0.008772946588541667,FALSE
L01-766-2 (L01S06),2019-09-10,0.0034744543072916666,FALSE
L01-766-2 (L01S06),2019-09-11,0.017999832296875,FALSE
L01-766-2 (L01S06),2019-09-12,0.053113836760416665,FALSE
L01-766-2 (L01S06),2019-09-13,0.0620677376875,FALSE
L01-766-2 (L01S06),2019-09-14,0.11375608545833334,FALSE
L01-766-2 (L01S06),2019-09-15,0.037799704984375,FALSE
L01-766-2 (L01S06),2019-09-16,0.019537690130208334,FALSE
L01-766-2 (L01S06),2019-09-17,0.017134348005208334,FALSE
L01-766-2 (L01S06),2019-09-18,0.017222829614583334,FALSE
L01-766-2 (L01S06),2019-09-19,0.021213049177083332,FALSE
L01-766-2 (L01S06),2019-09-20,0.030648148317708332,FALSE
L01-766-2 (L01S06),2019-09-21,0.06475499325,FALSE
L01-766-2 (L01S06),2019-09-22,0.08158520703125,FALSE
L01-766-2 (L01S06),2019-09-23,0.0167829411875,FALSE
L01-766-2 (L01S06),2019-09-24,0.07261179351041666,FALSE
L01-766-2 (L01S06),2019-09-25,0.02975229896875,FALSE
L01-766-2 (L01S06),2019-09-26,0.01716581103125,FALSE
L01-766-2 (L01S06),2019-09-27,0.003242428875,FALSE
L01-766-2 (L01S06),2019-09-28,0.0082378589375,FALSE
L01-766-2 (L01S06),2019-09-29,0.007307771541666667,FALSE
L01-766-2 (L01S06),2019-09-30,0.011942699244791667,FALSE
L01-766-2 (L01S06),2019-10-01,0.011173689875,FALSE
L01-766-2 (L01S06),2019-10-02,0.038513310635416666,FALSE
L01-766-2 (L01S06),2019-10-03,0.0225860785,FALSE
L01-766-2 (L01S06),2019-10-04,0.01791343902604167,FALSE
L01-766-2 (L01S06),2019-10-05,0.049722194276041666,FALSE
L01-766-2 (L01S06),2019-10-06,0.08237931395833334,FALSE
L01-766-2 (L01S06),2019-10-07,0.10555534389583333,FALSE
L01-766-2 (L01S06),2019-10-08,0.028667604421875,FALSE
L01-766-2 (L01S06),2019-10-09,0.0028621026979166668,FALSE
L01-766-2 (L01S06),2019-10-10,0.015513139645833333,FALSE
L01-766-2 (L01S06),2019-10-11,0.46473523138020834,FALSE
L01-766-2 (L01S06),2019-10-12,0.1199939185,FALSE
L01-766-2 (L01S06),2019-10-13,0.017087829645833334,FALSE
L01-766-2 (L01S06),2019-10-14,0.017174655697916666,FALSE
L01-766-2 (L01S06),2019-10-15,0.08846649705729166,FALSE
L01-766-2 (L01S06),2019-10-16,0.11247266092708333,FALSE
L01-766-2 (L01S06),2019-10-17,0.014173706213541666,FALSE
L01-766-2 (L01S06),2019-10-18,0.04049897969270833,FALSE
L01-766-2 (L01S06),2019-10-19,0.04580184424479167,FALSE
L01-766-2 (L01S06),2019-10-20,0.0656144135,FALSE
L01-766-2 (L01S06),2019-10-21,0.3468959360885417,FALSE
L01-766-2 (L01S06),2019-10-22,0.19623778202083333,FALSE
L01-766-2 (L01S06),2019-10-23,0.290309731,FALSE
L01-766-2 (L01S06),2019-10-24,0.24744030189583333,FALSE
L01-766-2 (L01S06),2019-10-25,0.6238686063333333,FALSE
L01-766-2 (L01S06),2019-10-26,0.19881861111979166,FALSE
L01-766-2 (L01S06),2019-10-27,7.86778265625e-4,FALSE
L01-766-2 (L01S06),2019-10-28,0.56138071484375,FALSE
L01-766-2 (L01S06),2019-10-29,0.032806298125,FALSE
L01-766-2 (L01S06),2019-10-30,0.17774022896875,FALSE
L01-766-2 (L01S06),2019-10-31,0.6622293140104166,FALSE
L01-766-2 (L01S06),2019-11-01,0.2412620694375,FALSE
L01-766-2 (L01S06),2019-11-02,0.16427715616666666,FALSE
L01-766-2 (L01S06),2019-11-03,0.08628128972916667,FALSE
L01-766-2 (L01S06),2019-11-04,0.08403036410416667,FALSE
L01-766-2 (L01S06),2019-11-05,0.07554597477083333,FALSE
L01-766-2 (L01S06),2019-11-06,0.007390656567708333,FALSE
L01-766-2 (L01S06),2019-11-07,0.04759012179166667,FALSE
L01-766-2 (L01S06),2019-11-08,0.08774097548958333,FALSE
L01-766-2 (L01S06),2019-11-09,0.13526734948958333,FALSE
L01-766-2 (L01S06),2019-11-10,0.010610331958333333,FALSE
L01-766-2 (L01S06),2019-11-11,0.008891679604166666,FALSE
L01-766-2 (L01S06),2019-11-12,0.032516000895833334,FALSE
L01-766-2 (L01S06),2019-11-13,0.011733121822916666,FALSE
L01-766-2 (L01S06),2019-11-14,0.017249436,FALSE
L01-766-2 (L01S06),2019-11-15,0.010426199359375,FALSE
L01-766-2 (L01S06),2019-11-16,0.040053972890625,FALSE
L01-766-2 (L01S06),2019-11-17,0.15869522254166668,FALSE
L01-766-2 (L01S06),2019-11-18,0.24312231138541668,FALSE
L01-766-2 (L01S06),2019-11-19,0.04009246764583333,FALSE
L01-766-2 (L01S06),2019-11-20,0.32209573757291665,FALSE
L01-766-2 (L01S06),2019-11-25,0.022051314885416666,FALSE
L01-766-2 (L01S06),2019-11-26,0.21269808947916666,FALSE
L01-766-2 (L01S06),2019-11-27,0.09781934126041666,FALSE
L03-073-3,2019-07-31,0.042688052648060866,FALSE
L03-073-3,2019-08-01,0.04743158952314325,FALSE
L03-073-3,2019-08-02,0.040311251250055115,FALSE
L03-073-3,2019-08-03,0.04113246886024873,FALSE
L03-073-3,2019-08-04,0.04277447201491728,FALSE
L03-073-3,2019-08-05,0.04916086017749707,FALSE
L03-073-3,2019-08-06,0.0439166059092482,FALSE
L03-073-3,2019-08-07,0.05328287668216229,FALSE
L03-073-3,2019-08-08,0.044549634266548704,FALSE
L03-073-3,2019-08-09,0.04677558953223626,FALSE
L03-073-3,2019-08-10,0.0377981156224327,FALSE
L03-073-3,2019-08-11,0.042974891097376754,FALSE
L03-073-3,2019-08-12,0.048745722558081156,FALSE
L03-073-3,2019-08-13,0.05813403475083246,FALSE
L03-073-3,2019-08-14,0.048778964361396115,FALSE
L03-073-3,2019-08-15,0.038734673809243586,FALSE
L03-073-3,2019-08-16,0.04586281945863036,FALSE
L03-073-3,2019-08-17,0.041508025442593646,FALSE
L03-073-3,2019-08-18,0.03888174099792376,FALSE
L03-073-3,2019-08-19,0.04292471743213139,FALSE
L03-073-3,2019-08-20,0.04141064066744183,FALSE
L03-073-3,2019-08-21,0.04159058880172837,FALSE
L03-073-3,2019-08-22,0.03647394397846279,FALSE
L03-073-3,2019-08-23,0.0442311257785294,FALSE
L03-073-3,2019-08-24,0.04107155908841558,FALSE
L03-073-3,2019-08-25,0.043904559436572926,FALSE
L03-073-3,2019-08-26,0.046182214771986016,FALSE
L03-073-3,2019-08-27,0.057783757666852745,FALSE
L03-073-3,2019-08-28,0.051826294630090405,FALSE
L03-073-3,2019-08-29,0.04933050704678563,FALSE
L03-073-3,2019-08-30,0.04902023449267282,FALSE
L03-073-3,2019-08-31,0.04434575653908651,FALSE
L03-073-3,2019-09-01,0.05489192968626818,FALSE
L03-073-3,2019-09-02,0.054639874729560486,FALSE
L03-073-3,2019-09-03,0.052502183990054664,FALSE
L03-073-3,2019-09-04,0.05116947695055936,FALSE
L03-073-3,2019-09-05,0.047658473142703384,FALSE
L03-073-3,2019-09-06,0.03960663488156267,FALSE
L03-073-3,2019-09-07,0.03552085150501134,FALSE
L03-073-3,2019-09-08,0.03537251243248583,FALSE
L03-073-3,2019-09-09,0.03708602242855563,FALSE
L03-073-3,2019-09-10,0.03974893618731036,FALSE
L03-073-3,2019-09-11,0.041602267406006664,FALSE
L03-073-3,2019-09-12,0.04437012304699422,FALSE
L03-073-3,2019-09-13,0.03981511782527634,FALSE
L03-073-3,2019-09-14,0.028638019274391656,FALSE
L03-073-3,2019-09-15,0.031540301319919535,FALSE
L03-073-3,2019-09-16,0.03437418155419662,FALSE
L03-073-3,2019-09-17,0.030310016095839085,FALSE
L03-073-3,2019-09-18,0.028830696947146208,FALSE
L03-073-3,2019-09-19,0.03302437070139002,FALSE
L03-073-3,2019-09-20,0.034213703745865166,FALSE
L03-073-3,2019-09-21,0.0353694759900984,FALSE
L03-073-3,2019-09-22,0.03808031673839193,FALSE
L03-073-3,2019-09-23,0.04254172615032064,FALSE
L03-073-3,2019-09-24,0.04412374390929607,FALSE
L03-073-3,2019-09-25,0.04903616369889844,FALSE
L03-073-3,2019-09-26,0.04411224424633715,FALSE
L03-073-3,2019-09-27,0.03976400164389611,FALSE
L03-073-3,2019-09-28,0.03622739027213389,FALSE
L03-073-3,2019-09-29,0.02540142299863283,FALSE
L03-073-3,2019-09-30,0.02295304881176808,FALSE
L03-073-3,2019-10-01,0.02899083218312823,FALSE
L03-073-3,2019-10-02,0.0370839165662879,FALSE
L03-073-3,2019-10-03,0.039493110992225515,FALSE
L03-073-3,2019-10-04,0.03320890074830451,FALSE
L03-073-3,2019-10-05,0.0326242994464818,FALSE
L03-073-3,2019-10-06,0.032865757316538326,FALSE
L03-073-3,2019-10-07,0.03643360159695646,FALSE
L03-073-3,2019-10-08,0.034552220326936806,FALSE
L03-073-3,2019-10-09,0.046449590987794935,FALSE
L03-073-3,2019-10-10,0.05326513607768239,FALSE
L03-073-3,2019-10-11,0.026595091196691536,FALSE
L03-073-3,2019-10-12,0.029928076927185167,FALSE
L03-073-3,2019-10-13,0.0370287062677475,FALSE
L03-073-3,2019-10-14,0.03858325848686365,FALSE
L03-073-3,2019-10-15,0.03882360508767267,FALSE
L03-073-3,2019-10-16,0.04390087362018229,FALSE
L03-073-3,2019-10-17,0.05289959223332009,FALSE
L03-073-3,2019-10-18,0.027841010008550358,FALSE
L03-073-3,2019-10-19,0.023868562063724327,FALSE
L03-073-3,2019-10-20,0.028939434399683706,FALSE
L03-073-3,2019-10-21,0.03002008625258009,FALSE
L03-073-3,2019-10-22,0.036244870292983136,FALSE
L03-073-3,2019-10-23,0.03378662885525161,FALSE
L03-073-3,2019-10-24,0.038014458314187004,FALSE
L03-073-3,2019-10-25,0.025021187004506597,FALSE
L03-073-3,2019-10-26,0.02159017361147619,FALSE
L03-073-3,2019-10-27,0.031420489226123526,FALSE
L03-073-3,2019-10-28,0.020355113185540414,FALSE
L03-073-3,2019-10-29,0.018382850789630964,FALSE
L03-073-3,2019-10-30,0.017379912158820367,FALSE
L03-073-3,2019-10-31,0.026768302495324338,FALSE
L03-073-3,2019-11-01,0.01728460924643652,FALSE
L03-073-3,2019-11-02,0.019932316205629977,FALSE
L03-073-3,2019-11-03,0.021431263136178193,FALSE
L03-073-3,2019-11-04,0.022078089160781626,FALSE
L03-073-3,2019-11-05,0.02421166044912566,FALSE
L03-073-3,2019-11-06,0.027198057135534272,FALSE
L03-073-3,2019-11-07,0.032963545771151785,FALSE
L03-073-3,2019-11-08,0.02746396946857539,FALSE
L03-073-3,2019-11-09,0.02714750224549076,FALSE
L03-073-3,2019-11-10,0.02963652378468602,FALSE
L03-073-3,2019-11-11,0.03060060031745046,FALSE
L03-073-3,2019-11-12,0.025180399880774532,FALSE
L03-073-3,2019-11-13,0.031886555931061517,FALSE
L03-073-3,2019-11-14,0.030029154217879817,FALSE
L03-073-3,2019-11-15,0.02472388717188459,FALSE
L03-073-3,2019-11-16,0.024785503899091708,FALSE
L03-073-3,2019-11-17,0.024961444294848124,FALSE
L03-073-3,2019-11-18,0.02262572589023743,FALSE
L03-073-3,2019-11-19,0.04031917387757037,FALSE
L03-073-3,2019-11-20,0.1554074158953876,FALSE
L03-073-3,2019-11-25,0.01702585726253331,FALSE
L03-073-3,2019-11-26,0.025496805551597904,FALSE
L03-073-3,2019-11-27,0.981804212171911,FALSE
L03-073-3,2019-12-04,2.1138790626115727,FALSE
L03-074-1 (L03B01),2019-08-01,0.22415531862152777,FALSE
L03-074-1 (L03B01),2019-08-02,0.168145371375,FALSE
L03-074-1 (L03B01),2019-08-03,0.17119951018402776,FALSE
L03-074-1 (L03B01),2019-08-04,0.17030975189583333,FALSE
L03-074-1 (L03B01),2019-08-05,0.19141853292708333,FALSE
L03-074-1 (L03B01),2019-08-06,0.18121264044444443,FALSE
L03-074-1 (L03B01),2019-08-07,0.18337598358680557,FALSE
L03-074-1 (L03B01),2019-08-08,0.17330341252430556,FALSE
L03-074-1 (L03B01),2019-08-09,0.15604364177430555,FALSE
L03-074-1 (L03B01),2019-08-10,0.16171421030555555,FALSE
L03-074-1 (L03B01),2019-08-11,0.1643221391597222,FALSE
L03-074-1 (L03B01),2019-08-12,0.18600018732291668,FALSE
L03-074-1 (L03B01),2019-08-13,0.18728380022916666,FALSE
L03-074-1 (L03B01),2019-08-14,0.17042354182291666,FALSE
L03-074-1 (L03B01),2019-08-15,0.15366850936111112,FALSE
L03-074-1 (L03B01),2019-08-16,0.15409929679861112,FALSE
L03-074-1 (L03B01),2019-08-17,0.14948372817708333,FALSE
L03-074-1 (L03B01),2019-08-18,0.15828567729166668,FALSE
L03-074-1 (L03B01),2019-08-19,0.17950849568402777,FALSE
L03-074-1 (L03B01),2019-08-20,0.158261753375,FALSE
L03-074-1 (L03B01),2019-08-21,0.147907382875,FALSE
L03-074-1 (L03B01),2019-08-22,0.14014719169444445,FALSE
L03-074-1 (L03B01),2019-08-23,0.16549129460069445,FALSE
L03-074-1 (L03B01),2019-08-24,0.1635172501909722,FALSE
L03-074-1 (L03B01),2019-08-25,0.17977087227430555,FALSE
L03-074-1 (L03B01),2019-08-26,0.1954069495659722,FALSE
L03-074-1 (L03B01),2019-08-27,0.180345418,FALSE
L03-074-1 (L03B01),2019-08-28,0.19351987736458334,FALSE
L03-074-1 (L03B01),2019-08-29,0.1886393499375,FALSE
L03-074-1 (L03B01),2019-08-30,0.17829166790625,FALSE
L03-074-1 (L03B01),2019-08-31,0.17547752914583334,FALSE
L03-074-1 (L03B01),2019-09-01,0.1913184154548611,FALSE
L03-074-1 (L03B01),2019-09-02,0.19032838093749999,FALSE
L03-074-1 (L03B01),2019-09-03,0.19495353455555556,FALSE
L03-074-1 (L03B01),2019-09-04,0.18190099633680556,FALSE
L03-074-1 (L03B01),2019-09-05,0.18813106319791667,FALSE
L03-074-1 (L03B01),2019-09-06,0.18010892962847222,FALSE
L03-074-1 (L03B01),2019-09-07,0.15294424464930556,FALSE
L03-074-1 (L03B01),2019-09-08,0.13148349283680555,FALSE
L03-074-1 (L03B01),2019-09-09,0.1284214636527778,FALSE
L03-074-1 (L03B01),2019-09-10,0.12611585897569444,FALSE
L03-074-1 (L03B01),2019-09-11,0.13432204744791668,FALSE
L03-074-1 (L03B01),2019-09-12,0.17882026772916668,FALSE
L03-074-1 (L03B01),2019-09-13,0.19121544010416666,FALSE
L03-074-1 (L03B01),2019-09-14,0.186673329125,FALSE
L03-074-1 (L03B01),2019-09-15,0.17403498233680556,FALSE
L03-074-1 (L03B01),2019-09-16,0.15805089363541666,FALSE
L03-074-1 (L03B01),2019-09-17,0.1350221672361111,FALSE
L03-074-1 (L03B01),2019-09-18,0.14589065483680555,FALSE
L03-074-1 (L03B01),2019-09-19,0.15116514923958332,FALSE
L03-074-1 (L03B01),2019-09-20,0.1516827064513889,FALSE
L03-074-1 (L03B01),2019-09-21,0.15606512665972222,FALSE
L03-074-1 (L03B01),2019-09-22,0.16161076847916667,FALSE
L03-074-1 (L03B01),2019-09-23,0.14300945236458334,FALSE
L03-074-1 (L03B01),2019-09-24,0.17213477942708333,FALSE
L03-074-1 (L03B01),2019-09-25,0.14856219515277777,FALSE
L03-074-1 (L03B01),2019-09-26,0.17441763397569446,FALSE
L03-074-1 (L03B01),2019-09-27,0.14881528523958334,FALSE
L03-074-1 (L03B01),2019-09-28,0.12191364809375,FALSE
L03-074-1 (L03B01),2019-09-29,0.11222020969444445,FALSE
L03-074-1 (L03B01),2019-09-30,0.11919110214583334,FALSE
L03-074-1 (L03B01),2019-10-01,0.12595191805208333,FALSE
L03-074-1 (L03B01),2019-10-02,0.15152404681944445,FALSE
L03-074-1 (L03B01),2019-10-03,0.12002884386458333,FALSE
L03-074-1 (L03B01),2019-10-04,0.14915384205055557,FALSE
L03-074-1 (L03B01),2019-10-05,0.1281355386736111,FALSE
L03-074-1 (L03B01),2019-10-06,0.14554057583333332,FALSE
L03-074-1 (L03B01),2019-10-07,0.16312519760416666,FALSE
L03-074-1 (L03B01),2019-10-08,0.14806122109375,FALSE
L03-074-1 (L03B01),2019-10-09,0.1498183798784722,FALSE
L03-074-1 (L03B01),2019-10-10,0.1429988031284722,FALSE
L03-074-1 (L03B01),2019-10-11,0.138884936975,FALSE
L03-074-1 (L03B01),2019-10-12,0.14775237611041667,FALSE
L03-074-1 (L03B01),2019-10-13,0.14104056806597223,FALSE
L03-074-1 (L03B01),2019-10-14,0.1433938023263889,FALSE
L03-074-1 (L03B01),2019-10-15,0.16308955840972222,FALSE
L03-074-1 (L03B01),2019-10-16,0.15914172777777777,FALSE
L03-074-1 (L03B01),2019-10-17,0.14884069486458334,FALSE
L03-074-1 (L03B01),2019-10-18,0.11999703536111112,FALSE
L03-074-1 (L03B01),2019-10-19,0.12173854272777777,FALSE
L03-074-1 (L03B01),2019-10-20,0.1443107660277778,FALSE
L03-074-1 (L03B01),2019-10-21,0.1579166663125,FALSE
L03-074-1 (L03B01),2019-10-22,0.14351538330555555,FALSE
L03-074-1 (L03B01),2019-10-23,0.14696477324999999,FALSE
L03-074-1 (L03B01),2019-10-24,0.18237718209375,FALSE
L03-074-1 (L03B01),2019-10-25,0.1417091303159722,FALSE
L03-074-1 (L03B01),2019-10-26,0.11600179927430555,FALSE
L03-074-1 (L03B01),2019-10-27,0.11670726391423611,FALSE
L03-074-1 (L03B01),2019-10-28,0.13180434167256944,FALSE
L03-074-1 (L03B01),2019-10-29,0.10860837851124999,FALSE
L03-074-1 (L03B01),2019-10-30,0.125067176059375,FALSE
L03-074-1 (L03B01),2019-10-31,0.15263053945125,FALSE
L03-074-1 (L03B01),2019-11-01,0.13144674156506944,FALSE
L03-074-1 (L03B01),2019-11-02,0.15128864257090277,FALSE
L03-074-1 (L03B01),2019-11-03,0.14029849578375,FALSE
L03-074-1 (L03B01),2019-11-04,0.14817284622277777,FALSE
L03-074-1 (L03B01),2019-11-05,0.13671818473541666,FALSE
L03-074-1 (L03B01),2019-11-06,0.14297571200347223,FALSE
L03-074-1 (L03B01),2019-11-07,0.1476245751423611,FALSE
L03-074-1 (L03B01),2019-11-08,0.16273474426041667,FALSE
L03-074-1 (L03B01),2019-11-09,0.14540176453819445,FALSE
L03-074-1 (L03B01),2019-11-10,0.1409863638628472,FALSE
L03-074-1 (L03B01),2019-11-11,0.1455169726736111,FALSE
L03-074-1 (L03B01),2019-11-12,0.1296436754826389,FALSE
L03-074-1 (L03B01),2019-11-13,0.13780058314583332,FALSE
L03-074-1 (L03B01),2019-11-14,0.13351614039583334,FALSE
L03-074-1 (L03B01),2019-11-15,0.13253735312152778,FALSE
L03-074-1 (L03B01),2019-11-16,0.12508140959722222,FALSE
L03-074-1 (L03B01),2019-11-17,0.14959884286805555,FALSE
L03-074-1 (L03B01),2019-11-18,0.1582058901111111,FALSE
L03-074-1 (L03B01),2019-11-19,0.18499319079861112,FALSE
L03-074-1 (L03B01),2019-11-20,0.9669430917847223,FALSE
L03-074-1 (L03B01),2019-11-25,0.119491485404375,FALSE
L03-074-1 (L03B01),2019-11-26,0.12867586245333335,FALSE
L03-074-1 (L03B01),2019-11-27,19.69374324248958,FALSE
L03-214-2 (L03P18),2019-08-29,0.3780669051830986,FALSE
L03-214-2 (L03P18),2019-08-30,0.42675877160416664,FALSE
L03-214-2 (L03P18),2019-08-31,0.40524605960069443,FALSE
L03-214-2 (L03P18),2019-09-01,0.38758301794791666,FALSE
L03-214-2 (L03P18),2019-09-02,0.46079416858680555,FALSE
L03-214-2 (L03P18),2019-09-03,0.4392036322048611,FALSE
L03-214-2 (L03P18),2019-09-04,0.4160357466145833,FALSE
L03-214-2 (L03P18),2019-09-05,0.40169469646875,FALSE
L03-214-2 (L03P18),2019-09-06,0.40279430010069445,FALSE
L03-214-2 (L03P18),2019-09-07,0.35128772705555555,FALSE
L03-214-2 (L03P18),2019-09-08,0.38598687658333336,FALSE
L03-214-2 (L03P18),2019-09-09,0.4126178932708333,FALSE
L03-214-2 (L03P18),2019-09-10,0.40980259256597223,FALSE
L03-214-2 (L03P18),2019-09-11,0.4144843268090278,FALSE
L03-214-2 (L03P18),2019-09-12,0.38940237817708334,FALSE
L03-214-2 (L03P18),2019-09-13,0.4438527888576389,FALSE
L03-214-2 (L03P18),2019-09-14,0.38249424100694446,FALSE
L03-214-2 (L03P18),2019-09-15,0.3715511489201389,FALSE
L03-214-2 (L03P18),2019-09-16,0.41911526981597225,FALSE
L03-214-2 (L03P18),2019-09-17,0.39682618205555553,FALSE
L03-214-2 (L03P18),2019-09-18,0.41449311307291664,FALSE
L03-214-2 (L03P18),2019-09-19,0.39087849680902775,FALSE
L03-214-2 (L03P18),2019-09-20,0.421200214875,FALSE
L03-214-2 (L03P18),2019-09-21,0.37251017231944444,FALSE
L03-214-2 (L03P18),2019-09-22,0.38814720940625,FALSE
L03-214-2 (L03P18),2019-09-23,0.42276362588194444,FALSE
L03-214-2 (L03P18),2019-09-24,0.39458455022569444,FALSE
L03-214-2 (L03P18),2019-09-25,0.44406637463888887,FALSE
L03-214-2 (L03P18),2019-09-26,0.5014413822986111,FALSE
L03-214-2 (L03P18),2019-09-27,0.42956109157291666,FALSE
L03-214-2 (L03P18),2019-09-28,0.42189996297569443,FALSE
L03-214-2 (L03P18),2019-09-29,0.35573351215625,FALSE
L03-214-2 (L03P18),2019-09-30,0.37762268768055557,FALSE
L03-214-2 (L03P18),2019-10-01,0.38394566782291667,FALSE
L03-214-2 (L03P18),2019-10-02,0.4043441449375,FALSE
L03-214-2 (L03P18),2019-10-03,0.4052724961527778,FALSE
L03-214-2 (L03P18),2019-10-04,0.4085226296979167,FALSE
L03-214-2 (L03P18),2019-10-05,0.387496714125,FALSE
L03-214-2 (L03P18),2019-10-06,0.38999826164583334,FALSE
L03-214-2 (L03P18),2019-10-07,0.4123896607777778,FALSE
L03-214-2 (L03P18),2019-10-08,0.3995058869409722,FALSE
L03-214-2 (L03P18),2019-10-09,0.4154220571388889,FALSE
L03-214-2 (L03P18),2019-10-10,0.41923406310069444,FALSE
L03-214-2 (L03P18),2019-10-11,0.42430793662152777,FALSE
L03-214-2 (L03P18),2019-10-12,0.42138278303819443,FALSE
L03-214-2 (L03P18),2019-10-13,0.3901111146770833,FALSE
L03-214-2 (L03P18),2019-10-14,0.42404147739930553,FALSE
L03-214-2 (L03P18),2019-10-15,0.3983842201388889,FALSE
L03-214-2 (L03P18),2019-10-16,0.40325017644791666,FALSE
L03-214-2 (L03P18),2019-10-17,0.39997170686458333,FALSE
L03-214-2 (L03P18),2019-10-18,0.39311894478125,FALSE
L03-214-2 (L03P18),2019-10-19,0.3509350244791667,FALSE
L03-214-2 (L03P18),2019-10-20,0.38976444285069445,FALSE
L03-214-2 (L03P18),2019-10-21,0.4308531772986111,FALSE
L03-214-2 (L03P18),2019-10-22,0.44286342099652776,FALSE
L03-214-2 (L03P18),2019-10-23,0.43654927538541666,FALSE
L03-214-2 (L03P18),2019-10-24,0.42996752544791667,FALSE
L03-214-2 (L03P18),2019-10-25,0.4319871982048611,FALSE
L03-214-2 (L03P18),2019-10-26,0.36369669083333334,FALSE
L03-214-2 (L03P18),2019-10-27,0.35832560169791666,FALSE
L03-214-2 (L03P18),2019-10-28,0.3686727453576389,FALSE
L03-214-2 (L03P18),2019-10-29,0.36009211856944445,FALSE
L03-214-2 (L03P18),2019-10-30,0.38604508380208336,FALSE
L03-214-2 (L03P18),2019-10-31,0.3605998246388889,FALSE
L03-214-2 (L03P18),2019-11-01,0.3881858266701389,FALSE
L03-214-2 (L03P18),2019-11-02,0.3825101417534722,FALSE
L03-214-2 (L03P18),2019-11-03,0.3799374864722222,FALSE
L03-214-2 (L03P18),2019-11-04,0.4085840040729167,FALSE
L03-214-2 (L03P18),2019-11-05,0.4248128217604167,FALSE
L03-214-2 (L03P18),2019-11-06,0.4583278789270833,FALSE
L03-214-2 (L03P18),2019-11-07,0.4371745032291667,FALSE
L03-214-2 (L03P18),2019-11-08,0.4918454555486111,FALSE
L03-214-2 (L03P18),2019-11-09,0.45791773753125,FALSE
L03-214-2 (L03P18),2019-11-10,0.4161381858298611,FALSE
L03-214-2 (L03P18),2019-11-11,0.4541328580798611,FALSE
L03-214-2 (L03P18),2019-11-12,0.4286523430625,FALSE
L03-214-2 (L03P18),2019-11-13,0.44222433041666664,FALSE
L03-214-2 (L03P18),2019-11-14,0.47340595305208333,FALSE
L03-214-2 (L03P18),2019-11-15,0.4684729913819444,FALSE
L03-214-2 (L03P18),2019-11-16,0.45628485682638886,FALSE
L03-214-2 (L03P18),2019-11-17,0.48642247502083336,FALSE
L03-214-2 (L03P18),2019-11-18,0.5055267041388889,FALSE
L03-214-2 (L03P18),2019-11-19,0.4925352332847222,FALSE
L03-214-2 (L03P18),2019-11-20,1.3473458556493056,FALSE
L03-316-3 (L03P12),2019-08-01,0.3271125483957928,FALSE
L03-316-3 (L03P12),2019-08-02,0.3415987804980809,FALSE
L03-316-3 (L03P12),2019-08-03,0.30989089322577595,FALSE
L03-316-3 (L03P12),2019-08-04,0.32812674776988576,FALSE
L03-316-3 (L03P12),2019-08-05,0.3331048774284788,FALSE
L03-316-3 (L03P12),2019-08-06,0.3248368035015531,FALSE
L03-316-3 (L03P12),2019-08-07,0.31912496256065376,FALSE
L03-316-3 (L03P12),2019-08-08,0.31450956332948493,FALSE
L03-316-3 (L03P12),2019-08-09,0.32087780744319505,FALSE
L03-316-3 (L03P12),2019-08-10,0.3195360544835198,FALSE
L03-316-3 (L03P12),2019-08-11,0.31433548300488806,FALSE
L03-316-3 (L03P12),2019-08-12,0.32206756115341195,FALSE
L03-316-3 (L03P12),2019-08-13,0.3278281832940844,FALSE
L03-316-3 (L03P12),2019-08-14,0.31566971911960184,FALSE
L03-316-3 (L03P12),2019-08-15,0.3104880226495532,FALSE
L03-316-3 (L03P12),2019-08-16,0.32252686235438466,FALSE
L03-316-3 (L03P12),2019-08-17,0.31452950421354514,FALSE
L03-316-3 (L03P12),2019-08-18,0.3151496706892651,FALSE
L03-316-3 (L03P12),2019-08-19,0.32951539275815767,FALSE
L03-316-3 (L03P12),2019-08-20,0.3134739233853023,FALSE
L03-316-3 (L03P12),2019-08-21,0.3194076523442799,FALSE
L03-316-3 (L03P12),2019-08-22,0.31838655898274326,FALSE
L03-316-3 (L03P12),2019-08-23,0.34962515891223495,FALSE
L03-316-3 (L03P12),2019-08-24,0.32573981994618323,FALSE
L03-316-3 (L03P12),2019-08-25,0.3465963171291352,FALSE
L03-316-3 (L03P12),2019-08-26,0.3431426265527939,FALSE
L03-316-3 (L03P12),2019-08-27,0.3430773852821987,FALSE
L03-316-3 (L03P12),2019-08-28,0.33594625828086017,FALSE
L03-316-3 (L03P12),2019-08-29,0.33023514041656926,FALSE
L03-316-3 (L03P12),2019-08-30,0.34468742610539344,FALSE
L03-316-3 (L03P12),2019-08-31,0.32843035997083464,FALSE
L03-316-3 (L03P12),2019-09-01,0.3412697452281318,FALSE
L03-316-3 (L03P12),2019-09-02,0.348649702656852,FALSE
L03-316-3 (L03P12),2019-09-03,0.6986171957589257,FALSE
L03-316-3 (L03P12),2019-09-04,0.34603484185685063,FALSE
L03-316-3 (L03P12),2019-09-05,0.35464675019084096,FALSE
L03-316-3 (L03P12),2019-09-06,0.3317393413217334,FALSE
L03-316-3 (L03P12),2019-09-07,0.306197063188553,FALSE
L03-316-3 (L03P12),2019-09-08,0.30826480341890133,FALSE
L03-316-3 (L03P12),2019-09-09,0.2848451329893537,FALSE
L03-316-3 (L03P12),2019-09-10,0.28178410665384945,FALSE
L03-316-3 (L03P12),2019-09-11,0.31001109557829976,FALSE
L03-316-3 (L03P12),2019-09-12,0.31231681229601965,FALSE
L03-316-3 (L03P12),2019-09-13,0.33437789230940085,FALSE
L03-316-3 (L03P12),2019-09-14,0.38421577909819293,FALSE
L03-316-3 (L03P12),2019-09-15,0.36690720204565264,FALSE
L03-316-3 (L03P12),2019-09-16,0.34227240105099155,FALSE
L03-316-3 (L03P12),2019-09-17,0.31974105328294977,FALSE
L03-316-3 (L03P12),2019-09-18,0.31749949401770705,FALSE
L03-316-3 (L03P12),2019-09-19,0.30645517515500387,FALSE
L03-316-3 (L03P12),2019-09-20,0.31933822241147364,FALSE
L03-316-3 (L03P12),2019-09-21,0.3337004506233005,FALSE
L03-316-3 (L03P12),2019-09-22,0.3417592392893897,FALSE
L03-316-3 (L03P12),2019-09-23,0.3344186240510942,FALSE
L03-316-3 (L03P12),2019-09-24,0.3500086310911179,FALSE
L03-316-3 (L03P12),2019-09-25,0.34374882527309003,FALSE
L03-316-3 (L03P12),2019-09-26,0.3511938508023158,FALSE
L03-316-3 (L03P12),2019-09-27,0.32681689511341533,FALSE
L03-316-3 (L03P12),2019-09-28,0.34886447228643647,FALSE
L03-316-3 (L03P12),2019-09-29,0.2739073130530782,FALSE
L03-316-3 (L03P12),2019-09-30,0.27661326008081444,FALSE
L03-316-3 (L03P12),2019-10-01,0.3087986935930253,FALSE
L03-316-3 (L03P12),2019-10-02,0.3293707742787998,FALSE
L03-316-3 (L03P12),2019-10-03,0.32824114337635046,FALSE
L03-316-3 (L03P12),2019-10-04,0.33206767901251055,FALSE
L03-316-3 (L03P12),2019-10-05,0.31504898680146537,FALSE
L03-316-3 (L03P12),2019-10-06,0.31858017184877396,FALSE
L03-316-3 (L03P12),2019-10-07,0.32790954891925395,FALSE
L03-316-3 (L03P12),2019-10-08,0.34993292660511877,FALSE
L03-316-3 (L03P12),2019-10-09,0.3454222352530163,FALSE
L03-316-3 (L03P12),2019-10-10,0.34673524864726607,FALSE
L03-316-3 (L03P12),2019-10-11,0.29854084439934636,FALSE
L03-316-3 (L03P12),2019-10-12,0.30542343295436436,FALSE
L03-316-3 (L03P12),2019-10-13,0.3606985879090098,FALSE
L03-316-3 (L03P12),2019-10-14,0.35117953357855475,FALSE
L03-316-3 (L03P12),2019-10-15,0.3416830253268349,FALSE
L03-316-3 (L03P12),2019-10-16,0.3379884363277223,FALSE
L03-316-3 (L03P12),2019-10-17,0.3564381957723831,FALSE
L03-316-3 (L03P12),2019-10-18,0.3224393341404598,FALSE
L03-316-3 (L03P12),2019-10-19,0.3131088995460935,FALSE
L03-316-3 (L03P12),2019-10-20,0.3318118548507691,FALSE
L03-316-3 (L03P12),2019-10-21,0.33097342677709796,FALSE
L03-316-3 (L03P12),2019-10-22,0.3360349807427725,FALSE
L03-316-3 (L03P12),2019-10-23,0.31831451438225644,FALSE
L03-316-3 (L03P12),2019-10-24,0.34652878716850294,FALSE
L03-316-3 (L03P12),2019-10-25,0.3181192016871241,FALSE
L03-316-3 (L03P12),2019-10-26,0.2780420919801394,FALSE
L03-316-3 (L03P12),2019-10-27,0.30639813856993775,FALSE
L03-316-3 (L03P12),2019-10-28,0.29605421625736034,FALSE
L03-316-3 (L03P12),2019-10-29,0.2999932995555666,FALSE
L03-316-3 (L03P12),2019-10-30,0.3493276104974747,FALSE
L03-316-3 (L03P12),2019-10-31,0.278997866796732,FALSE
L03-316-3 (L03P12),2019-11-01,0.2960132033356031,FALSE
L03-316-3 (L03P12),2019-11-02,0.3228239159300063,FALSE
L03-316-3 (L03P12),2019-11-03,0.31478316259823913,FALSE
L03-316-3 (L03P12),2019-11-04,0.32702486876132764,FALSE
L03-316-3 (L03P12),2019-11-05,0.35136911327542203,FALSE
L03-316-3 (L03P12),2019-11-06,0.41033379525025704,FALSE
L03-316-3 (L03P12),2019-11-07,0.37402902012178646,FALSE
L03-316-3 (L03P12),2019-11-08,0.34325604593796205,FALSE
L03-316-3 (L03P12),2019-11-09,0.3149079752355152,FALSE
L03-316-3 (L03P12),2019-11-10,0.3697689554088382,FALSE
L03-316-3 (L03P12),2019-11-11,0.3504253922391469,FALSE
L03-316-3 (L03P12),2019-11-12,0.3278746805255679,FALSE
L03-316-3 (L03P12),2019-11-13,0.35755554337331996,FALSE
L03-316-3 (L03P12),2019-11-14,0.33363989875623923,FALSE
L03-316-3 (L03P12),2019-11-15,0.3094337061282265,FALSE
L03-316-3 (L03P12),2019-11-16,0.31215577302487696,FALSE
L03-316-3 (L03P12),2019-11-17,0.33235350979110934,FALSE
L03-316-3 (L03P12),2019-11-18,0.3301908506610659,FALSE
L03-316-3 (L03P12),2019-11-19,0.39068334086206236,FALSE
L03-316-3 (L03P12),2019-11-20,0.6732276601372827,FALSE
L03-316-3 (L03P12),2019-11-25,0.3265637173731063,FALSE
L03-316-3 (L03P12),2019-11-26,0.31819601682574944,FALSE
L03-316-3 (L03P12),2019-11-27,1.7043118160634327,FALSE
L03-418-8,2018-08-22,0.03457427913268408,FALSE
L03-418-8,2018-08-23,0.0330598283613258,FALSE
L03-418-8,2018-08-24,0.03199371286067036,FALSE
L03-418-8,2018-08-25,0.03577962943152587,FALSE
L03-418-8,2018-08-26,0.030650952848162917,FALSE
L03-418-8,2018-08-27,0.031420288191888066,FALSE
L03-418-8,2018-08-28,0.032163534574793436,FALSE
L03-418-8,2018-08-29,0.030394115642872123,FALSE
L03-418-8,2018-08-30,0.02994739261031855,FALSE
L03-418-8,2018-08-31,0.030556070206785375,FALSE
L03-418-8,2018-09-01,0.031337763499438766,FALSE
L03-418-8,2018-09-02,0.03347788194386826,FALSE
L03-418-8,2018-09-03,0.03996711030566693,FALSE
L03-418-8,2018-09-04,0.03782496848176586,FALSE
L03-418-8,2018-09-05,0.037828770244724225,FALSE
L03-418-8,2018-09-06,0.034037430768993175,FALSE
L03-418-8,2018-09-07,0.03729958375004265,FALSE
L03-418-8,2018-09-08,0.036892625528984604,FALSE
L03-418-8,2018-09-09,0.03471186571821571,FALSE
L03-418-8,2018-09-10,0.032970751729617526,FALSE
L03-418-8,2018-09-11,0.02866747929018405,FALSE
L03-418-8,2018-09-12,0.029803317844566374,FALSE
L03-418-8,2018-09-13,0.026698316359871486,FALSE
L03-418-8,2018-09-14,0.02908552260384792,FALSE
L03-418-8,2018-09-15,0.025903355537669526,FALSE
L03-418-8,2018-09-16,0.02103955729219659,FALSE
L03-418-8,2018-09-17,0.021154504651860646,FALSE
L03-418-8,2018-09-18,0.020114964851616176,FALSE
L03-418-8,2018-09-19,0.024404982582515018,FALSE
L03-418-8,2018-09-20,0.024145247403492796,FALSE
L03-418-8,2018-09-21,0.02701814682692952,FALSE
L03-418-8,2018-09-22,0.027108720248674008,FALSE
L03-418-8,2018-09-23,0.025831709373361534,FALSE
L03-418-8,2018-09-24,0.027607517933578907,FALSE
L03-418-8,2018-09-25,0.039714382629050145,FALSE
L03-418-8,2018-09-26,0.06867178773175696,FALSE
L03-418-8,2018-09-27,0.04093326003545192,FALSE
L03-418-8,2018-09-28,0.03415276110070945,FALSE
L03-418-8,2018-09-29,0.029031047857685923,FALSE
L03-418-8,2018-09-30,0.03106947492166278,FALSE
L03-418-8,2018-10-01,0.040472527217235835,FALSE
L03-418-8,2018-10-02,0.03106668785717091,FALSE
L03-418-8,2018-10-03,0.04647808550190264,FALSE
L03-418-8,2018-10-08,0.02348231001450122,FALSE
L03-418-8,2018-10-09,0.022869373748769364,FALSE
L03-418-8,2018-10-10,0.020867519902379977,FALSE
L03-418-8,2018-10-11,0.021271078818904863,FALSE
L03-418-8,2018-10-12,0.19369594014366032,FALSE
L03-418-8,2018-10-18,0.03419896929561725,FALSE
L03-418-8,2018-10-19,0.03565754673963966,FALSE
L03-418-8,2018-10-20,0.03249440316658894,FALSE
L03-418-8,2018-10-21,0.030855050261522417,FALSE
L03-418-8,2018-10-22,0.027888156608137375,FALSE
L03-418-8,2018-10-23,0.039838959070624375,FALSE
L03-418-8,2018-10-24,0.047976439836756375,FALSE
L03-418-8,2018-10-25,0.052246871820885825,FALSE
L03-418-8,2018-10-26,0.045002403391506664,FALSE
L03-418-8,2018-10-27,0.0569807093910991,FALSE
L03-418-8,2018-10-28,0.04960630516080502,FALSE
L03-418-8,2018-10-29,0.06882166799087526,FALSE
L03-418-8,2018-10-30,0.04789778753402268,FALSE
L03-418-8,2018-10-31,0.03671713035683422,FALSE
L03-418-8,2018-11-01,0.03291032589903656,FALSE
L03-418-8,2018-11-02,0.04451525574546953,FALSE
L03-418-8,2018-11-03,0.03987414110237168,FALSE
L03-418-8,2018-11-04,0.04513551921503786,FALSE
L03-418-8,2018-11-07,0.04447661169624329,FALSE
L03-418-8,2018-11-08,0.03244492599478434,FALSE
L03-418-8,2018-11-09,0.02245629200241145,FALSE
L03-418-8,2018-11-10,0.04122535874579419,FALSE
L03-418-8,2018-11-11,0.03795173694801331,FALSE
L03-418-8,2018-11-12,0.02151848390883589,FALSE
L03-418-8,2018-11-13,0.0354986280613467,FALSE
L03-418-8,2018-11-14,0.036209510562359444,FALSE
L03-418-8,2018-11-15,0.04899558990639536,FALSE
L03-418-8,2018-11-16,0.0414917026307583,FALSE
L03-418-8,2018-12-13,0.05687874166544278,FALSE
L03-418-8,2018-12-15,0.22735293086581776,FALSE
L03-418-8,2018-12-19,0.037764654647208545,FALSE
L03-418-8,2018-12-20,0.06213996161861046,FALSE
L03-418-8,2019-01-24,0.08455042700893001,FALSE
L03-418-8,2019-01-25,0.07857543065186112,FALSE
L03-418-8,2019-01-26,0.082107814240529,FALSE
L03-418-8,2019-01-27,0.06459919374348902,FALSE
L03-418-8,2019-01-28,0.07644189927911757,FALSE
L03-418-8,2019-03-17,0.09140590141418016,FALSE
L03-418-8,2019-03-18,0.07477015707674892,FALSE
L03-418-8,2019-03-30,0.2557417632812504,FALSE
L03-418-8,2019-03-31,0.26973875937758546,FALSE
L03-418-8,2019-04-01,0.27099388827896115,FALSE
L03-418-8,2019-04-07,0.19861936351914836,FALSE
L03-418-8,2019-04-08,0.1959319620970212,FALSE
L03-418-8,2019-04-11,0.12506094934260498,FALSE
L03-418-8,2019-04-12,0.10483621330107584,FALSE
L03-418-8,2019-04-13,0.10167418319413397,FALSE
L03-418-8,2019-04-14,0.08862001085891989,FALSE
L03-418-8,2019-04-15,0.08077244832797846,FALSE
L03-418-8,2019-04-16,0.08419900459286901,FALSE
L03-418-8,2019-04-17,0.09240048477840425,FALSE
L03-418-8,2019-04-18,0.09366193822078574,FALSE
L03-418-8,2019-04-19,0.07816269180342887,FALSE
L03-418-8,2019-04-20,0.05838023764377171,FALSE
L03-418-8,2019-04-21,0.05940726408762403,FALSE
L03-418-8,2019-04-22,0.07703930347171095,FALSE
L03-418-8,2019-04-23,0.08582222535529402,FALSE
L03-418-8,2019-04-24,0.07957516818912824,FALSE
L03-418-8,2019-04-25,0.08419620475890902,FALSE
L03-418-8,2019-04-26,0.09209457307166524,FALSE
L03-418-8,2019-04-27,0.08555587772422368,FALSE
L03-418-8,2019-04-28,0.09260436939297782,FALSE
L03-418-8,2019-04-29,0.06439482104710738,FALSE
L03-418-8,2019-04-30,0.06451722565456883,FALSE
L03-418-8,2019-05-01,0.037598580232540764,FALSE
L03-418-8,2019-05-02,0.038454756871839364,FALSE
L03-418-8,2019-05-03,0.04554199596420925,FALSE
L03-418-8,2019-05-04,0.05459402466152774,FALSE
L03-418-8,2019-05-05,0.04316401652340095,FALSE
L03-418-8,2019-05-06,0.039791771414028274,FALSE
L03-418-8,2019-05-07,0.04193723978647784,FALSE
L03-418-8,2019-05-08,0.0404774439618455,FALSE
L03-418-8,2019-05-09,0.04163799541811672,FALSE
L03-418-8,2019-05-10,0.04420609074820724,FALSE
L03-418-8,2019-05-11,0.050485529703458154,FALSE
L03-418-8,2019-05-12,0.046303165897753504,FALSE
L03-418-8,2019-05-13,0.04545305822749932,FALSE
L03-418-8,2019-05-14,0.0454238668351041,FALSE
L03-418-8,2019-05-15,0.04020380254411698,FALSE
L03-418-8,2019-05-16,0.1768783459738758,FALSE
L03-418-8,2019-05-24,0.03816716617805759,FALSE
L03-418-8,2019-05-25,0.032842381047175996,FALSE
L03-418-8,2019-05-26,0.18237184185255909,FALSE
L03-418-8,2019-05-31,0.0390346527435316,FALSE
L03-418-8,2019-06-01,0.043405994603249766,FALSE
L03-418-8,2019-06-02,0.041528398628460035,FALSE
L03-418-8,2019-06-03,0.044633099638077954,FALSE
L03-418-8,2019-06-04,0.04089215342205101,FALSE
L03-418-8,2019-06-05,0.043995027122762466,FALSE
L03-418-8,2019-06-06,0.04427881857861414,FALSE
L03-418-8,2019-06-07,0.06596712291235395,FALSE
L03-418-8,2019-06-08,0.04434231866792838,FALSE
L03-418-8,2019-06-09,0.049131554559966144,FALSE
L03-418-8,2019-06-10,0.06010389317432128,FALSE
L03-418-8,2019-06-11,0.05867353084181415,FALSE
L03-418-8,2019-06-12,0.045469700270043475,FALSE
L03-418-8,2019-06-13,0.03912050817880365,FALSE
L03-418-8,2019-06-14,0.03926029725481404,FALSE
L03-418-8,2019-06-15,0.042503808249208665,FALSE
L03-418-8,2019-06-16,0.04063180515482691,FALSE
L03-418-8,2019-06-17,0.0421376779643827,FALSE
L03-418-8,2019-06-18,0.03776846196450128,FALSE
L03-418-8,2019-06-19,0.04510111228244172,FALSE
L03-418-8,2019-06-20,0.04162719125718541,FALSE
L03-418-8,2019-06-21,0.07341866193732952,FALSE
L03-418-8,2019-06-22,0.04422152275854349,FALSE
L03-418-8,2019-06-23,0.04225979232584768,FALSE
L03-418-8,2019-06-24,0.04303386100749174,FALSE
L03-418-8,2019-06-25,0.037504716879500286,FALSE
L03-418-8,2019-06-26,0.04087725764404404,FALSE
L03-418-8,2019-06-27,0.042699781170063546,FALSE
L03-418-8,2019-06-28,0.04482278720105357,FALSE
L03-418-8,2019-06-29,0.049587006912728146,FALSE
L03-418-8,2019-06-30,0.04667020170677371,FALSE
L03-418-8,2019-07-01,0.04394605073959629,FALSE
L03-418-8,2019-07-02,0.040752740455362535,FALSE
L03-418-8,2019-07-03,0.036147655165976955,FALSE
L03-418-8,2019-07-04,0.04195970594598188,FALSE
L03-418-8,2019-07-05,0.044869447078294225,FALSE
L03-418-8,2019-07-06,0.039386118604911695,FALSE
L03-418-8,2019-07-07,0.03905734934272369,FALSE
L03-418-8,2019-07-08,0.04486004110642274,FALSE
L03-418-8,2019-07-09,0.047167654690292146,FALSE
L03-418-8,2019-07-10,0.049950145420869195,FALSE
L03-418-8,2019-07-11,0.046188515213635234,FALSE
L03-418-8,2019-07-12,0.04507957843201691,FALSE
L03-418-8,2019-07-13,0.041217223785287804,FALSE
L03-418-8,2019-07-14,0.043596003186033835,FALSE
L03-418-8,2019-07-15,0.04879318944099215,FALSE
L03-418-8,2019-07-16,0.038777474310828584,FALSE
L03-418-8,2019-07-17,0.04411991292499171,FALSE
L03-418-8,2019-07-18,0.07432983725178242,FALSE
L03-418-8,2019-07-19,0.03819702398424679,FALSE
L03-418-8,2019-07-20,0.04063683468280237,FALSE
L03-418-8,2019-07-21,0.04392617519825035,FALSE
L03-418-8,2019-07-22,0.04614362650814984,FALSE
L03-418-8,2019-07-23,0.056572240311117634,FALSE
L03-418-8,2019-07-24,0.05835820020447986,FALSE
L05-489-3,2019-08-22,0.4832559184409722,FALSE
L05-489-3,2019-08-23,0.45733039598958336,FALSE
L05-489-3,2019-08-24,0.5115386849097222,FALSE
L05-489-3,2019-08-25,0.499363812,FALSE
L05-489-3,2019-08-26,0.5606065612847222,FALSE
L05-489-3,2019-08-27,0.5432916267569444,FALSE
L05-489-3,2019-08-28,0.5701647598993056,FALSE
L05-489-3,2019-08-29,0.6559262878715277,FALSE
L05-489-3,2019-08-30,0.5434194729409723,FALSE
L05-489-3,2019-08-31,0.5051644068958333,FALSE
L05-489-3,2019-09-01,0.4867393172152778,FALSE
L05-489-3,2019-09-02,0.5692020201631944,FALSE
L05-489-3,2019-09-03,0.6768823731631944,FALSE
L05-489-3,2019-09-04,0.5329172684861111,FALSE
L05-489-3,2019-09-05,0.5136824815486111,FALSE
L05-489-3,2019-09-06,0.5823286801805555,FALSE
L05-489-3,2019-09-07,0.6410521803715278,FALSE
L05-489-3,2019-09-08,0.6587572253784723,FALSE
L05-489-3,2019-09-09,0.8568594348958334,FALSE
L05-489-3,2019-09-10,0.821491268375,FALSE
L05-489-3,2019-09-11,0.8246189206631944,FALSE
L05-489-3,2019-09-12,0.8626230404375,FALSE
L05-489-3,2019-09-13,0.9253803734479167,FALSE
L05-489-3,2019-09-14,0.9376613984722222,FALSE
L05-489-3,2019-09-15,0.8741916840034722,FALSE
L05-489-3,2019-09-16,0.9130793469375,FALSE
L05-489-3,2019-09-17,0.78325818521875,FALSE
L05-489-3,2019-09-18,0.7244453644375,FALSE
L05-489-3,2019-09-19,0.7289849924375,FALSE
L05-489-3,2019-09-20,0.8028981661840278,FALSE
L05-489-3,2019-09-21,0.7548593405833334,FALSE
L05-489-3,2019-09-22,0.7285192153194444,FALSE
L05-489-3,2019-09-23,0.7381001030243055,FALSE
L05-489-3,2019-09-24,0.7082569682152777,FALSE
L05-489-3,2019-09-25,0.6504504156701388,FALSE
L05-489-3,2019-09-26,0.7569448468784722,FALSE
L05-489-3,2019-09-27,0.47280901325,FALSE
L05-489-3,2019-09-28,0.5037370790243055,FALSE
L05-489-3,2019-09-29,0.4729504427361111,FALSE
L05-489-3,2019-09-30,0.47348780000694446,FALSE
L05-489-3,2019-10-01,0.49474583242013886,FALSE
L05-489-3,2019-10-02,0.5609652925798612,FALSE
L05-489-3,2019-10-03,0.5689807900798611,FALSE
L05-489-3,2019-10-04,0.5975653033541667,FALSE
L05-489-3,2019-10-05,0.6472084296076389,FALSE
L05-489-3,2019-10-06,0.6696418643541666,FALSE
L05-489-3,2019-10-07,0.7509015744270834,FALSE
L05-489-3,2019-10-08,0.7418193181319445,FALSE
L05-489-3,2019-10-09,0.7970851671805556,FALSE
L05-489-3,2019-10-10,0.8077490164375,FALSE
L05-489-3,2019-10-11,0.7740894812465278,FALSE
L05-489-3,2019-10-12,0.8087619212430556,FALSE
L05-489-3,2019-10-13,0.8334992652430555,FALSE
L05-489-3,2019-10-14,0.8482700735,FALSE
L05-489-3,2019-10-15,0.8309947851944445,FALSE
L05-489-3,2019-10-16,0.8031767969965278,FALSE
L05-489-3,2019-10-17,0.7524655666111111,FALSE
L05-489-3,2019-10-18,0.6794917572048611,FALSE
L05-489-3,2019-10-19,0.6449481512465278,FALSE
L05-489-3,2019-10-20,0.6248250756041667,FALSE
L05-489-3,2019-10-21,0.62659963096875,FALSE
L05-489-3,2019-10-22,0.6275040919965278,FALSE
L05-489-3,2019-10-23,0.6097388166979166,FALSE
L05-489-3,2019-10-24,0.6197526460625,FALSE
L05-489-3,2019-10-25,0.6159429267048611,FALSE
L05-489-3,2019-10-26,0.6566836621840277,FALSE
L05-489-3,2019-10-27,0.6272382798923611,FALSE
L05-489-3,2019-10-28,0.6190885846319445,FALSE
L05-489-3,2019-10-29,0.6323279771319444,FALSE
L05-489-3,2019-10-30,0.5821454388229167,FALSE
L05-489-3,2019-10-31,0.5699628201805556,FALSE
L05-489-3,2019-11-01,0.5646360732291666,FALSE
L05-489-3,2019-11-02,0.6943154733333333,FALSE
L05-489-3,2019-11-03,0.6013780555972222,FALSE
L05-489-3,2019-11-04,0.6372996043645833,FALSE
L05-489-3,2019-11-05,0.5396196330659723,FALSE
L05-489-3,2019-11-06,0.5617369118298611,FALSE
L05-489-3,2019-11-07,0.5500105945486111,FALSE
L05-489-3,2019-11-08,0.4634503509097222,FALSE
L05-489-3,2019-11-09,0.4391431225763889,FALSE
L05-489-3,2019-11-10,0.45391125439236113,FALSE
L05-489-3,2019-11-11,0.4874418028020833,FALSE
L05-489-3,2019-11-12,0.46661204209375,FALSE
L05-489-3,2019-11-13,0.47038103039930557,FALSE
L05-489-3,2019-11-14,0.46085843111111113,FALSE
L05-489-3,2019-11-15,0.44918915934027775,FALSE
L05-489-3,2019-11-16,0.4472944631284722,FALSE
L05-489-3,2019-11-17,0.42730346297569444,FALSE
L05-489-3,2019-11-18,0.42246329413194444,FALSE
L05-489-3,2019-11-19,0.5026646806470588,FALSE
L05-489-3,2019-11-20,3.2847958185833335,FALSE
L05-489-3,2019-11-25,0.22338859368402778,FALSE
L05-489-3,2019-11-26,0.23488222259722222,FALSE
M01-050-4 (M01@CGV),2019-08-22,0.04161227275347222,FALSE
M01-050-4 (M01@CGV),2019-08-23,0.044894319347222225,FALSE
M01-050-4 (M01@CGV),2019-08-24,0.039983563843205575,FALSE
M01-050-4 (M01@CGV),2019-08-25,0.042391749430555556,FALSE
M01-050-4 (M01@CGV),2019-08-26,0.04407180079513889,FALSE
M01-050-4 (M01@CGV),2019-08-27,0.043583965909722223,FALSE
M01-050-4 (M01@CGV),2019-08-28,0.0441829564375,FALSE
M01-050-4 (M01@CGV),2019-08-29,0.04175921419097222,FALSE
M01-050-4 (M01@CGV),2019-08-30,0.044769642996527775,FALSE
M01-050-4 (M01@CGV),2019-08-31,0.044752847416666665,FALSE
M01-050-4 (M01@CGV),2019-09-01,0.044795963465277776,FALSE
M01-050-4 (M01@CGV),2019-09-02,0.04844801762369338,FALSE
M01-050-4 (M01@CGV),2019-09-03,0.04512521709027778,FALSE
M01-050-4 (M01@CGV),2019-09-04,0.04541274196527778,FALSE
M01-050-4 (M01@CGV),2019-09-05,0.045266149802083336,FALSE
M01-050-4 (M01@CGV),2019-09-06,0.04514551599652778,FALSE
M01-050-4 (M01@CGV),2019-09-07,0.044984442194444446,FALSE
M01-050-4 (M01@CGV),2019-09-08,0.04209072502083333,FALSE
M01-050-4 (M01@CGV),2019-09-09,0.039897983392361114,FALSE
M01-050-4 (M01@CGV),2019-09-10,0.036406925572916665,FALSE
M01-050-4 (M01@CGV),2019-09-11,0.0399786435,FALSE
M01-050-4 (M01@CGV),2019-09-12,0.038604279407665504,FALSE
M01-050-4 (M01@CGV),2019-09-13,0.039236102715277776,FALSE
M01-050-4 (M01@CGV),2019-09-14,0.04251212536111111,FALSE
M01-050-4 (M01@CGV),2019-09-15,0.03983439055555556,FALSE
M01-050-4 (M01@CGV),2019-09-16,0.040404948725694445,FALSE
M01-050-4 (M01@CGV),2019-09-17,0.03839058742708333,FALSE
M01-050-4 (M01@CGV),2019-09-18,0.03700114078819444,FALSE
M01-050-4 (M01@CGV),2019-09-19,0.04159069173611111,FALSE
M01-050-4 (M01@CGV),2019-09-20,0.039039625121527775,FALSE
M01-050-4 (M01@CGV),2019-09-21,0.056032298104529615,FALSE
M01-050-4 (M01@CGV),2019-09-22,0.041293670375,FALSE
M01-050-4 (M01@CGV),2019-09-23,0.03830331753472222,FALSE
M01-050-4 (M01@CGV),2019-09-24,0.04086041257638889,FALSE
M01-050-4 (M01@CGV),2019-09-25,0.04643652190277778,FALSE
M01-050-4 (M01@CGV),2019-09-26,0.045127813434027775,FALSE
M01-050-4 (M01@CGV),2019-09-27,0.04297395194444444,FALSE
M01-050-4 (M01@CGV),2019-09-28,0.040891503305555556,FALSE
M01-050-4 (M01@CGV),2019-09-29,0.03503165040972222,FALSE
M01-050-4 (M01@CGV),2019-09-30,0.034808923444444445,FALSE
M01-050-4 (M01@CGV),2019-10-01,0.035625225711805555,FALSE
M01-050-4 (M01@CGV),2019-10-02,0.034393589173611114,FALSE
M01-050-4 (M01@CGV),2019-10-03,0.032697160197916665,FALSE
M01-050-4 (M01@CGV),2019-10-04,0.03342191000347222,FALSE
M01-050-4 (M01@CGV),2019-10-05,0.03341343717421603,FALSE
M01-050-4 (M01@CGV),2019-10-06,0.03545742904166667,FALSE
M01-050-4 (M01@CGV),2019-10-07,0.03544370054513889,FALSE
M01-050-4 (M01@CGV),2019-10-08,0.036222640100694446,FALSE
M01-050-4 (M01@CGV),2019-10-09,0.044000631586805554,FALSE
M01-050-4 (M01@CGV),2019-10-10,0.03736332871875,FALSE
M01-050-4 (M01@CGV),2019-10-11,0.03699420307291667,FALSE
M01-050-4 (M01@CGV),2019-10-12,0.03578730204878049,FALSE
M01-050-4 (M01@CGV),2019-10-13,0.039165063600694446,FALSE
M01-050-4 (M01@CGV),2019-10-14,0.03832396782986111,FALSE
M01-050-4 (M01@CGV),2019-10-15,0.03803421526736111,FALSE
M01-050-4 (M01@CGV),2019-10-16,0.038296729555555555,FALSE
M01-050-4 (M01@CGV),2019-10-17,0.040457692833333336,FALSE
M01-050-4 (M01@CGV),2019-10-18,0.03656944182986111,FALSE
M01-050-4 (M01@CGV),2019-10-19,0.03442653839721254,FALSE
M01-050-4 (M01@CGV),2019-10-20,0.036455913,FALSE
M01-050-4 (M01@CGV),2019-10-21,0.0406231034375,FALSE
M01-050-4 (M01@CGV),2019-10-22,0.04001588441666667,FALSE
M01-050-4 (M01@CGV),2019-10-23,0.038188770975694446,FALSE
M01-050-4 (M01@CGV),2019-10-24,0.03944169270833333,FALSE
M01-050-4 (M01@CGV),2019-10-25,0.04244529049305556,FALSE
M01-050-4 (M01@CGV),2019-10-26,0.039240400961805554,FALSE
M01-050-4 (M01@CGV),2019-10-27,0.03739555419097222,FALSE
M01-050-4 (M01@CGV),2019-10-28,0.02870125731597222,FALSE
M01-050-4 (M01@CGV),2019-10-29,0.030515693868055555,FALSE
M01-050-4 (M01@CGV),2019-10-30,0.03259452533333333,FALSE
M01-050-4 (M01@CGV),2019-10-31,0.03007441628472222,FALSE
M01-050-4 (M01@CGV),2019-11-01,0.029491477854166667,FALSE
M01-050-4 (M01@CGV),2019-11-02,0.032164013825783974,FALSE
M01-050-4 (M01@CGV),2019-11-03,0.02915353059027778,FALSE
M01-050-4 (M01@CGV),2019-11-04,0.03188037707291667,FALSE
M01-050-4 (M01@CGV),2019-11-05,0.035814364347222225,FALSE
M01-050-4 (M01@CGV),2019-11-06,0.040835319555555555,FALSE
M01-050-4 (M01@CGV),2019-11-07,0.040383465822916666,FALSE
M01-050-4 (M01@CGV),2019-11-08,0.037334681493055556,FALSE
M01-050-4 (M01@CGV),2019-11-09,0.03689844509375,FALSE
M01-050-4 (M01@CGV),2019-11-10,0.03865014737847222,FALSE
M01-050-4 (M01@CGV),2019-11-11,0.03890429496180556,FALSE
M01-050-4 (M01@CGV),2019-11-12,0.03610110826736111,FALSE
M01-050-4 (M01@CGV),2019-11-13,0.037222958534722225,FALSE
M01-050-4 (M01@CGV),2019-11-14,0.03773193418402778,FALSE
M01-050-4 (M01@CGV),2019-11-15,0.03565003346180556,FALSE
M01-050-4 (M01@CGV),2019-11-16,0.03510195371875,FALSE
M01-050-4 (M01@CGV),2019-11-17,0.03990557625,FALSE
M01-050-4 (M01@CGV),2019-11-18,0.04402745967013889,FALSE
M01-050-4 (M01@CGV),2019-11-19,0.04506803848263889,FALSE
M01-050-4 (M01@CGV),2019-11-20,0.088703258815331,FALSE
