StationCode,Jurisdiction,VolumeDischargeCFS,HandMeterDischarge,AVGvDISCHARGE,AVGfmDISCHARGE,Qcalcs
L01-724-4 (L01P03),SAN JUAN CAPISTRANO,0.086,NA,0.07024999999999999,NA,0.07024999999999999
L01-724-4 (L01P03),SAN JUAN CAPISTRANO,0.071,NA,0.07024999999999999,NA,0.07024999999999999
L01-724-4 (L01P03),SAN JUAN CAPISTRANO,0.072,NA,0.07024999999999999,NA,0.07024999999999999
L01-724-4 (L01P03),SAN JUAN CAPISTRANO,0.052,NA,0.07024999999999999,NA,0.07024999999999999
M02-052-2,SAN CLEMENTE,NA,NA,NA,0.73,0.73
M02-052-2,SAN CLEMENTE,NA,NA,NA,0.73,0.73
M02-052-2,SAN CLEMENTE,NA,0.73,NA,0.73,0.73
M02-052-2,SAN CLEMENTE,NA,NA,NA,0.73,0.73
J03-9234-8,LAGUNA NIGUEL,0.079,NA,0.079,NA,0.079
L01-727-1 (L01S04),DANA POINT,NA,NA,NA,NA,NA
L01-747-2,SAN JUAN CAPISTRANO,0.02,NA,0.02,NA,0.02
K01-12156-6,LAGUNA NIGUEL,NA,0.61,NA,0.39,0.39
K01-12156-6,LAGUNA NIGUEL,NA,0.17,NA,0.39,0.39
L02-246-1 (L11P01),RANCHO SANTA MARGARITA,0.023,NA,0.016,NA,0.016
L02-246-1 (L11P01),RANCHO SANTA MARGARITA,0.018,NA,0.016,NA,0.016
L02-246-1 (L11P01),RANCHO SANTA MARGARITA,0.012,NA,0.016,NA,0.016
L02-246-1 (L11P01),RANCHO SANTA MARGARITA,0.013,NA,0.016,NA,0.016
L02-246-1 (L11P01),RANCHO SANTA MARGARITA,0.013,NA,0.016,NA,0.016
L02-246-1 (L11P01),RANCHO SANTA MARGARITA,0.017,NA,0.016,NA,0.016
J03-9215-6,LAGUNA NIGUEL,0,NA,0.012571428571428572,NA,0.012571428571428572
J03-9215-6,LAGUNA NIGUEL,0.018,NA,0.012571428571428572,NA,0.012571428571428572
J03-9215-6,LAGUNA NIGUEL,NA,NA,0.012571428571428572,NA,0.012571428571428572
J03-9215-6,LAGUNA NIGUEL,0.017,NA,0.012571428571428572,NA,0.012571428571428572
J03-9215-6,LAGUNA NIGUEL,0.016,NA,0.012571428571428572,NA,0.012571428571428572
J03-9215-6,LAGUNA NIGUEL,0.02,NA,0.012571428571428572,NA,0.012571428571428572
J03-9215-6,LAGUNA NIGUEL,0.012,NA,0.012571428571428572,NA,0.012571428571428572
J03-9215-6,LAGUNA NIGUEL,0.005,NA,0.012571428571428572,NA,0.012571428571428572
SC11-130-2,DANA POINT,0.003,NA,0.003,NA,0.003
L03-074-1 (L03B01),MISSION VIEJO,0.018,NA,0.022666666666666665,NA,0.022666666666666665
L03-074-1 (L03B01),MISSION VIEJO,0.026,NA,0.022666666666666665,NA,0.022666666666666665
L03-074-1 (L03B01),MISSION VIEJO,0.024,NA,0.022666666666666665,NA,0.022666666666666665
K01-12159-2,DANA POINT,0.088,NA,0.078,NA,0.078
K01-12159-2,DANA POINT,0.044,NA,0.078,NA,0.078
K01-12159-2,DANA POINT,0.097,NA,0.078,NA,0.078
K01-12159-2,DANA POINT,0.083,NA,0.078,NA,0.078
L03-691-1 (L03P09),MISSION VIEJO,NA,NA,0.097,0.02,0.097
L03-691-1 (L03P09),MISSION VIEJO,NA,0.02,0.097,0.02,0.097
L03-691-1 (L03P09),MISSION VIEJO,0.097,NA,0.097,0.02,0.097
"SULPHUR_MOULTON
",LAGUNA NIGUEL,0.071,NA,0.082625,NA,0.082625
"SULPHUR_MOULTON
",LAGUNA NIGUEL,NA,NA,0.082625,NA,0.082625
"SULPHUR_MOULTON
",LAGUNA NIGUEL,0.097,NA,0.082625,NA,0.082625
"SULPHUR_MOULTON
",LAGUNA NIGUEL,0.129,NA,0.082625,NA,0.082625
"SULPHUR_MOULTON
",LAGUNA NIGUEL,0.064,NA,0.082625,NA,0.082625
"SULPHUR_MOULTON
",LAGUNA NIGUEL,0.125,NA,0.082625,NA,0.082625
"SULPHUR_MOULTON
",LAGUNA NIGUEL,0.066,NA,0.082625,NA,0.082625
"SULPHUR_MOULTON
",LAGUNA NIGUEL,0.097,NA,0.082625,NA,0.082625
"SULPHUR_MOULTON
",LAGUNA NIGUEL,0.012,NA,0.082625,NA,0.082625
K01-12159-3,DANA POINT,0.007,NA,0.0115,NA,0.0115
K01-12159-3,DANA POINT,0.007,NA,0.0115,NA,0.0115
K01-12159-3,DANA POINT,0.018,NA,0.0115,NA,0.0115
K01-12159-3,DANA POINT,0.014,NA,0.0115,NA,0.0115
L01-728-7 (L01S03),DANA POINT,0.018,NA,0.018,NA,0.018
J01-9785-1,LAKE FOREST,0.002,NA,0.002,NA,0.002
L01-218-4,RANCHO SANTA MARGARITA,0.006,NA,0.007333333333333333,NA,0.007333333333333333
L01-218-4,RANCHO SANTA MARGARITA,0.01,NA,0.007333333333333333,NA,0.007333333333333333
L01-218-4,RANCHO SANTA MARGARITA,0.006,NA,0.007333333333333333,NA,0.007333333333333333
L02-366-1,MISSION VIEJO,0.016,NA,0.00975,NA,0.00975
L02-366-1,MISSION VIEJO,0.009,NA,0.00975,NA,0.00975
L02-366-1,MISSION VIEJO,0.01,NA,0.00975,NA,0.00975
L02-366-1,MISSION VIEJO,0.004,NA,0.00975,NA,0.00975
L02-641-1,RANCHO SANTA MARGARITA,NA,NA,0.0075,NA,0.0075
L02-641-1,RANCHO SANTA MARGARITA,0.004,NA,0.0075,NA,0.0075
L02-641-1,RANCHO SANTA MARGARITA,0.011,NA,0.0075,NA,0.0075
DAIRYFORK_MOULTON,ALISO VIEJO,NA,NA,0.2755,NA,0.2755
DAIRYFORK_MOULTON,ALISO VIEJO,0.18,NA,0.2755,NA,0.2755
DAIRYFORK_MOULTON,ALISO VIEJO,0.354,NA,0.2755,NA,0.2755
DAIRYFORK_MOULTON,ALISO VIEJO,0.404,NA,0.2755,NA,0.2755
DAIRYFORK_MOULTON,ALISO VIEJO,0.46,NA,0.2755,NA,0.2755
DAIRYFORK_MOULTON,ALISO VIEJO,0.251,NA,0.2755,NA,0.2755
DAIRYFORK_MOULTON,ALISO VIEJO,0.004,NA,0.2755,NA,0.2755
J06-9079-1 (J06P03),ALISO VIEJO,0.019,NA,0.0283,NA,0.0283
J06-9079-1 (J06P03),ALISO VIEJO,0.011,NA,0.0283,NA,0.0283
J06-9079-1 (J06P03),ALISO VIEJO,0.02,NA,0.0283,NA,0.0283
J06-9079-1 (J06P03),ALISO VIEJO,0.04,NA,0.0283,NA,0.0283
J06-9079-1 (J06P03),ALISO VIEJO,0.022,NA,0.0283,NA,0.0283
J06-9079-1 (J06P03),ALISO VIEJO,0.022,NA,0.0283,NA,0.0283
J06-9079-1 (J06P03),ALISO VIEJO,0.035,NA,0.0283,NA,0.0283
J06-9079-1 (J06P03),ALISO VIEJO,0.033,NA,0.0283,NA,0.0283
J06-9079-1 (J06P03),ALISO VIEJO,0.032,NA,0.0283,NA,0.0283
J06-9079-1 (J06P03),ALISO VIEJO,0.049,NA,0.0283,NA,0.0283
L04-266-5,MISSION VIEJO,0.143,NA,0.143,0.15666666666666668,0.143
L04-266-5,MISSION VIEJO,NA,NA,0.143,0.15666666666666668,0.143
L04-266-5,MISSION VIEJO,NA,NA,0.143,0.15666666666666668,0.143
L04-266-5,MISSION VIEJO,NA,0.14,0.143,0.15666666666666668,0.143
L04-266-5,MISSION VIEJO,NA,0.17,0.143,0.15666666666666668,0.143
L04-266-5,MISSION VIEJO,NA,0.16,0.143,0.15666666666666668,0.143
ALISOHILLS_MOULTON,LAGUNA HILLS,NA,0.459,0.7565,0.35633333333333334,0.7565
ALISOHILLS_MOULTON,LAGUNA HILLS,NA,0.213,0.7565,0.35633333333333334,0.7565
ALISOHILLS_MOULTON,LAGUNA HILLS,NA,0.397,0.7565,0.35633333333333334,0.7565
ALISOHILLS_MOULTON,LAGUNA HILLS,0.57,NA,0.7565,0.35633333333333334,0.7565
ALISOHILLS_MOULTON,LAGUNA HILLS,0.943,NA,0.7565,0.35633333333333334,0.7565
J07-9022-1,MISSION VIEJO,0.006,NA,0.0035,NA,0.0035
J07-9022-1,MISSION VIEJO,0.001,NA,0.0035,NA,0.0035
L01-414-3,ORANGE CO,NA,NA,NA,NA,NA
J01-9224-1,LAGUNA NIGUEL,NA,NA,0.0038333333333333336,NA,0.0038333333333333336
J01-9224-1,LAGUNA NIGUEL,NA,NA,0.0038333333333333336,NA,0.0038333333333333336
J01-9224-1,LAGUNA NIGUEL,NA,NA,0.0038333333333333336,NA,0.0038333333333333336
J01-9224-1,LAGUNA NIGUEL,0.002,NA,0.0038333333333333336,NA,0.0038333333333333336
J01-9224-1,LAGUNA NIGUEL,0.007,NA,0.0038333333333333336,NA,0.0038333333333333336
J01-9224-1,LAGUNA NIGUEL,0.006,NA,0.0038333333333333336,NA,0.0038333333333333336
J01-9224-1,LAGUNA NIGUEL,0.005,NA,0.0038333333333333336,NA,0.0038333333333333336
J01-9224-1,LAGUNA NIGUEL,0.003,NA,0.0038333333333333336,NA,0.0038333333333333336
J01-9224-1,LAGUNA NIGUEL,0.001,NA,0.0038333333333333336,NA,0.0038333333333333336
J01-9224-1,LAGUNA NIGUEL,0.001,NA,0.0038333333333333336,NA,0.0038333333333333336
J01-9224-1,LAGUNA NIGUEL,0.005,NA,0.0038333333333333336,NA,0.0038333333333333336
J01-9224-1,LAGUNA NIGUEL,0.002,NA,0.0038333333333333336,NA,0.0038333333333333336
J01-9224-1,LAGUNA NIGUEL,0.004,NA,0.0038333333333333336,NA,0.0038333333333333336
J01-9224-1,LAGUNA NIGUEL,0.006,NA,0.0038333333333333336,NA,0.0038333333333333336
J01-9224-1,LAGUNA NIGUEL,0.004,NA,0.0038333333333333336,NA,0.0038333333333333336
DP04-12015-1,LAGUNA BEACH,0.008,NA,0.008,NA,0.008
J01-9377-1,LAKE FOREST,NA,NA,0,NA,0
J01-9377-1,LAKE FOREST,NA,NA,0,NA,0
J01-9377-1,LAKE FOREST,NA,NA,0,NA,0
J01-9377-1,LAKE FOREST,NA,NA,0,NA,0
J01-9377-1,LAKE FOREST,0,NA,0,NA,0
J01-9377-1,LAKE FOREST,0,NA,0,NA,0
J01-9377-1,LAKE FOREST,0,NA,0,NA,0
J01-9377-1,LAKE FOREST,0,NA,0,NA,0
J01-9377-1,LAKE FOREST,0,NA,0,NA,0
J01-9377-1,LAKE FOREST,0,NA,0,NA,0
J01-9377-1,LAKE FOREST,NA,NA,0,NA,0
L01-726-5,DANA POINT,0.004,NA,0.01075,NA,0.01075
L01-726-5,DANA POINT,0.011,NA,0.01075,NA,0.01075
L01-726-5,DANA POINT,0.012,NA,0.01075,NA,0.01075
L01-726-5,DANA POINT,0.016,NA,0.01075,NA,0.01075
I01-11343-2 (I02P18),LAGUNA WOODS,0,NA,0.0016666666666666668,NA,0.0016666666666666668
I01-11343-2 (I02P18),LAGUNA WOODS,0.003,NA,0.0016666666666666668,NA,0.0016666666666666668
I01-11343-2 (I02P18),LAGUNA WOODS,0.002,NA,0.0016666666666666668,NA,0.0016666666666666668
SC10-075-3 (M00S01),NA,0.012,NA,0.012,NA,0.012
J03-9368-1 (J03TBN1),LAGUNA NIGUEL,0.001,NA,0.003,NA,0.003
J03-9368-1 (J03TBN1),LAGUNA NIGUEL,0.001,NA,0.003,NA,0.003
J03-9368-1 (J03TBN1),LAGUNA NIGUEL,NA,NA,0.003,NA,0.003
J03-9368-1 (J03TBN1),LAGUNA NIGUEL,0.014,NA,0.003,NA,0.003
J03-9368-1 (J03TBN1),LAGUNA NIGUEL,0.002,NA,0.003,NA,0.003
J03-9368-1 (J03TBN1),LAGUNA NIGUEL,NA,NA,0.003,NA,0.003
J03-9368-1 (J03TBN1),LAGUNA NIGUEL,0.002,NA,0.003,NA,0.003
J03-9368-1 (J03TBN1),LAGUNA NIGUEL,0.001,NA,0.003,NA,0.003
J03-9368-1 (J03TBN1),LAGUNA NIGUEL,NA,NA,0.003,NA,0.003
J03-9368-1 (J03TBN1),LAGUNA NIGUEL,0,NA,0.003,NA,0.003
ENGLISH_VIANOVENO      ,MISSION VIEJO,0.003,0.185,0.06225,0.185,0.06225
ENGLISH_VIANOVENO      ,MISSION VIEJO,0.05,NA,0.06225,0.185,0.06225
ENGLISH_VIANOVENO      ,MISSION VIEJO,0.053,NA,0.06225,0.185,0.06225
ENGLISH_VIANOVENO      ,MISSION VIEJO,0.143,NA,0.06225,0.185,0.06225
ENGLISH_VIANOVENO      ,MISSION VIEJO,0.034,NA,0.06225,0.185,0.06225
ENGLISH_VIANOVENO      ,MISSION VIEJO,0.106,NA,0.06225,0.185,0.06225
ENGLISH_VIANOVENO      ,MISSION VIEJO,0.069,NA,0.06225,0.185,0.06225
ENGLISH_VIANOVENO      ,MISSION VIEJO,0.04,NA,0.06225,0.185,0.06225
ALISO_I5,LAKE FOREST,NA,NA,0.2818,NA,0.2818
ALISO_I5,LAKE FOREST,0.268,NA,0.2818,NA,0.2818
ALISO_I5,LAKE FOREST,0.268,NA,0.2818,NA,0.2818
ALISO_I5,LAKE FOREST,0.338,NA,0.2818,NA,0.2818
ALISO_I5,LAKE FOREST,0.485,NA,0.2818,NA,0.2818
ALISO_I5,LAKE FOREST,0.05,NA,0.2818,NA,0.2818
L03-455-2,SAN JUAN CAPISTRANO,0,NA,0.001,NA,0.001
L03-142-1 (L03P24),RANCHO SANTA MARGARITA,0.002,NA,0.0015,NA,0.0015
L03-142-1 (L03P24),RANCHO SANTA MARGARITA,0.001,NA,0.0015,NA,0.0015
L02-166-2 (L02P25),RANCHO SANTA MARGARITA,0.083,NA,0.048,NA,0.048
L02-166-2 (L02P25),RANCHO SANTA MARGARITA,0.03,NA,0.048,NA,0.048
L02-166-2 (L02P25),RANCHO SANTA MARGARITA,0.044,NA,0.048,NA,0.048
L02-166-2 (L02P25),RANCHO SANTA MARGARITA,0.035,NA,0.048,NA,0.048
L02-166-2 (L02P25),RANCHO SANTA MARGARITA,NA,NA,0.048,NA,0.048
L05-489-3d,ORANGE CO,NA,0.96,NA,1.115,1.115
L05-489-3d,ORANGE CO,NA,1.27,NA,1.115,1.115
M01-042-1 (M01S01),SAN CLEMENTE,0.001,NA,0.0015,NA,0.0015
M01-042-1 (M01S01),SAN CLEMENTE,0.001,NA,0.0015,NA,0.0015
M01-042-1 (M01S01),SAN CLEMENTE,0.002,NA,0.0015,NA,0.0015
M01-042-1 (M01S01),SAN CLEMENTE,0.002,NA,0.0015,NA,0.0015
L01-458-1,ORANGE CO,0,NA,0,NA,0
M01-047-1,SAN CLEMENTE,0.141,0.14,0.141,0.14,0.141
L03-418-8,LAGUNA NIGUEL,0.083,NA,0.083,NA,0.083
L03-172-2,MISSION VIEJO,NA,NA,NA,NA,NA
L03-172-2,MISSION VIEJO,NA,NA,NA,NA,NA
ALISO_ENGLISH_US,LAKE FOREST,0.777,1.144,0.32985714285714285,1.144,0.32985714285714285
ALISO_ENGLISH_US,LAKE FOREST,0.056,NA,0.32985714285714285,1.144,0.32985714285714285
ALISO_ENGLISH_US,LAKE FOREST,0.271,NA,0.32985714285714285,1.144,0.32985714285714285
ALISO_ENGLISH_US,LAKE FOREST,0.581,NA,0.32985714285714285,1.144,0.32985714285714285
ALISO_ENGLISH_US,LAKE FOREST,0.112,NA,0.32985714285714285,1.144,0.32985714285714285
ALISO_ENGLISH_US,LAKE FOREST,0.297,NA,0.32985714285714285,1.144,0.32985714285714285
ALISO_ENGLISH_US,LAKE FOREST,0.215,NA,0.32985714285714285,1.144,0.32985714285714285
L04-672-1,MISSION VIEJO,0.059,NA,0.0902,NA,0.0902
L04-672-1,MISSION VIEJO,0.05,NA,0.0902,NA,0.0902
L04-672-1,MISSION VIEJO,0.118,NA,0.0902,NA,0.0902
L04-672-1,MISSION VIEJO,NA,NA,0.0902,NA,0.0902
L04-672-1,MISSION VIEJO,0.115,NA,0.0902,NA,0.0902
L04-672-1,MISSION VIEJO,0.109,NA,0.0902,NA,0.0902
L04-672-1,MISSION VIEJO,NA,NA,0.0902,NA,0.0902
L05-489-3,ORANGE CO,NA,NA,0.34450000000000003,NA,0.34450000000000003
L05-489-3,ORANGE CO,NA,NA,0.34450000000000003,NA,0.34450000000000003
L05-489-3,ORANGE CO,0.38,NA,0.34450000000000003,NA,0.34450000000000003
L05-489-3,ORANGE CO,0.309,NA,0.34450000000000003,NA,0.34450000000000003
J01-9144-1 (J01P23),LAGUNA NIGUEL,0.003,NA,0.0026666666666666666,NA,0.0026666666666666666
J01-9144-1 (J01P23),LAGUNA NIGUEL,0.013,NA,0.0026666666666666666,NA,0.0026666666666666666
J01-9144-1 (J01P23),LAGUNA NIGUEL,0.001,NA,0.0026666666666666666,NA,0.0026666666666666666
J01-9144-1 (J01P23),LAGUNA NIGUEL,0,NA,0.0026666666666666666,NA,0.0026666666666666666
J01-9144-1 (J01P23),LAGUNA NIGUEL,0,NA,0.0026666666666666666,NA,0.0026666666666666666
J01-9144-1 (J01P23),LAGUNA NIGUEL,0.006,NA,0.0026666666666666666,NA,0.0026666666666666666
J01-9144-1 (J01P23),LAGUNA NIGUEL,0,NA,0.0026666666666666666,NA,0.0026666666666666666
J01-9144-1 (J01P23),LAGUNA NIGUEL,0,NA,0.0026666666666666666,NA,0.0026666666666666666
J01-9144-1 (J01P23),LAGUNA NIGUEL,0.004,NA,0.0026666666666666666,NA,0.0026666666666666666
J01-9144-1 (J01P23),LAGUNA NIGUEL,0.003,NA,0.0026666666666666666,NA,0.0026666666666666666
J01-9144-1 (J01P23),LAGUNA NIGUEL,0.002,NA,0.0026666666666666666,NA,0.0026666666666666666
J01-9144-1 (J01P23),LAGUNA NIGUEL,0,NA,0.0026666666666666666,NA,0.0026666666666666666
L01-766-7,SAN JUAN CAPISTRANO,NA,NA,NA,NA,NA
L02-622-2 (L02P32),RANCHO SANTA MARGARITA,0.038,NA,0.036500000000000005,NA,0.036500000000000005
L02-622-2 (L02P32),RANCHO SANTA MARGARITA,0.035,NA,0.036500000000000005,NA,0.036500000000000005
ALISO_RAINTREE,LAKE FOREST,0.33,NA,0.20333333333333334,0.621,0.20333333333333334
ALISO_RAINTREE,LAKE FOREST,0.424,0.621,0.20333333333333334,0.621,0.20333333333333334
ALISO_RAINTREE,LAKE FOREST,0.169,NA,0.20333333333333334,0.621,0.20333333333333334
ALISO_RAINTREE,LAKE FOREST,0.23,NA,0.20333333333333334,0.621,0.20333333333333334
ALISO_RAINTREE,LAKE FOREST,0.17,NA,0.20333333333333334,0.621,0.20333333333333334
ALISO_RAINTREE,LAKE FOREST,0.146,NA,0.20333333333333334,0.621,0.20333333333333334
ALISO_RAINTREE,LAKE FOREST,0.099,NA,0.20333333333333334,0.621,0.20333333333333334
ALISO_RAINTREE,LAKE FOREST,0.084,NA,0.20333333333333334,0.621,0.20333333333333334
ALISO_RAINTREE,LAKE FOREST,0.178,NA,0.20333333333333334,0.621,0.20333333333333334
L03-316-3 (L03P12),MISSION VIEJO,0.071,NA,0.06375,NA,0.06375
L03-316-3 (L03P12),MISSION VIEJO,0.026,NA,0.06375,NA,0.06375
L03-316-3 (L03P12),MISSION VIEJO,0.07,NA,0.06375,NA,0.06375
L03-316-3 (L03P12),MISSION VIEJO,0.088,NA,0.06375,NA,0.06375
L02-198-1 (L02P29),RANCHO SANTA MARGARITA,0.001,NA,0.001,NA,0.001
L01-303-4,ORANGE CO,0.001,NA,0.013,NA,0.013
L01-303-4,ORANGE CO,0.019,NA,0.013,NA,0.013
L01-303-4,ORANGE CO,0.019,NA,0.013,NA,0.013
J01-9131-1 (J01P28),ALISO VIEJO,0.011,NA,0.01225,NA,0.01225
J01-9131-1 (J01P28),ALISO VIEJO,0.03,NA,0.01225,NA,0.01225
J01-9131-1 (J01P28),ALISO VIEJO,0.008,NA,0.01225,NA,0.01225
J01-9131-1 (J01P28),ALISO VIEJO,0.013,NA,0.01225,NA,0.01225
J01-9131-1 (J01P28),ALISO VIEJO,0.007,NA,0.01225,NA,0.01225
J01-9131-1 (J01P28),ALISO VIEJO,0.013,NA,0.01225,NA,0.01225
J01-9131-1 (J01P28),ALISO VIEJO,0.016,NA,0.01225,NA,0.01225
J01-9131-1 (J01P28),ALISO VIEJO,0,NA,0.01225,NA,0.01225
"SULPHUR_INLET_LNL
",LAGUNA NIGUEL,0.247,0.89,0.39085714285714285,0.89,0.39085714285714285
"SULPHUR_INLET_LNL
",LAGUNA NIGUEL,0.371,NA,0.39085714285714285,0.89,0.39085714285714285
"SULPHUR_INLET_LNL
",LAGUNA NIGUEL,0.236,NA,0.39085714285714285,0.89,0.39085714285714285
"SULPHUR_INLET_LNL
",LAGUNA NIGUEL,0.167,NA,0.39085714285714285,0.89,0.39085714285714285
"SULPHUR_INLET_LNL
",LAGUNA NIGUEL,0.692,NA,0.39085714285714285,0.89,0.39085714285714285
"SULPHUR_INLET_LNL
",LAGUNA NIGUEL,0.229,NA,0.39085714285714285,0.89,0.39085714285714285
"SULPHUR_INLET_LNL
",LAGUNA NIGUEL,0.794,NA,0.39085714285714285,0.89,0.39085714285714285
ALISO_ALISO_CK_RD,LAGUNA NIGUEL,NA,9.943,1.875375,5.8015,1.875375
ALISO_ALISO_CK_RD,LAGUNA NIGUEL,NA,1.66,1.875375,5.8015,1.875375
ALISO_ALISO_CK_RD,LAGUNA NIGUEL,0.665,NA,1.875375,5.8015,1.875375
ALISO_ALISO_CK_RD,LAGUNA NIGUEL,1.197,NA,1.875375,5.8015,1.875375
ALISO_ALISO_CK_RD,LAGUNA NIGUEL,2.408,NA,1.875375,5.8015,1.875375
ALISO_ALISO_CK_RD,LAGUNA NIGUEL,2.018,NA,1.875375,5.8015,1.875375
ALISO_ALISO_CK_RD,LAGUNA NIGUEL,1.091,NA,1.875375,5.8015,1.875375
ALISO_ALISO_CK_RD,LAGUNA NIGUEL,2.593,NA,1.875375,5.8015,1.875375
ALISO_ALISO_CK_RD,LAGUNA NIGUEL,3.37,NA,1.875375,5.8015,1.875375
ALISO_ALISO_CK_RD,LAGUNA NIGUEL,1.661,NA,1.875375,5.8015,1.875375
K01-12156-4,LAGUNA NIGUEL,NA,NA,NA,0.57,0.57
K01-12156-4,LAGUNA NIGUEL,NA,NA,NA,0.57,0.57
K01-12156-4,LAGUNA NIGUEL,NA,NA,NA,0.57,0.57
K01-12156-4,LAGUNA NIGUEL,NA,0.57,NA,0.57,0.57
K01-12156-4,LAGUNA NIGUEL,NA,NA,NA,0.57,0.57
L03-708-9,LAGUNA NIGUEL,0.005,NA,0.005,NA,0.005
J07-9109-1,MISSION VIEJO,NA,NA,0,NA,0
J07-9109-1,MISSION VIEJO,0,NA,0,NA,0
ALISO_LAGUNA_HILLS,LAGUNA HILLS,NA,1.721,0.951,1.721,0.951
ALISO_LAGUNA_HILLS,LAGUNA HILLS,0.67,NA,0.951,1.721,0.951
ALISO_LAGUNA_HILLS,LAGUNA HILLS,0.787,NA,0.951,1.721,0.951
ALISO_LAGUNA_HILLS,LAGUNA HILLS,0.279,NA,0.951,1.721,0.951
ALISO_LAGUNA_HILLS,LAGUNA HILLS,2.803,NA,0.951,1.721,0.951
ALISO_LAGUNA_HILLS,LAGUNA HILLS,0.854,NA,0.951,1.721,0.951
ALISO_LAGUNA_HILLS,LAGUNA HILLS,0.313,NA,0.951,1.721,0.951
J07-9110-1,MISSION VIEJO,0.001,NA,0.001,NA,0.001
K01-12126-1 (K01S01),DANA POINT,NA,NA,0.122,NA,0.122
K01-12126-1 (K01S01),DANA POINT,0.155,NA,0.122,NA,0.122
K01-12126-1 (K01S01),DANA POINT,0.045,NA,0.122,NA,0.122
K01-12126-1 (K01S01),DANA POINT,0.166,NA,0.122,NA,0.122
L01-724-1 (L01S01),SAN JUAN CAPISTRANO,NA,NA,NA,NA,NA
L01-724-1 (L01S01),SAN JUAN CAPISTRANO,NA,NA,NA,NA,NA
K01-12058-1 (K01P08),LAGUNA NIGUEL,0.023,NA,0.027,NA,0.027
K01-12058-1 (K01P08),LAGUNA NIGUEL,0.016,NA,0.027,NA,0.027
K01-12058-1 (K01P08),LAGUNA NIGUEL,0.014,NA,0.027,NA,0.027
K01-12058-1 (K01P08),LAGUNA NIGUEL,0.053,NA,0.027,NA,0.027
K01-12058-1 (K01P08),LAGUNA NIGUEL,0.025,NA,0.027,NA,0.027
K01-12058-1 (K01P08),LAGUNA NIGUEL,0.029,NA,0.027,NA,0.027
K01-12058-1 (K01P08),LAGUNA NIGUEL,0.03,NA,0.027,NA,0.027
K01-12058-1 (K01P08),LAGUNA NIGUEL,0.03,NA,0.027,NA,0.027
K01-12058-1 (K01P08),LAGUNA NIGUEL,0.026,NA,0.027,NA,0.027
K01-12058-1 (K01P08),LAGUNA NIGUEL,0.024,NA,0.027,NA,0.027
L03-073-3,MISSION VIEJO,0.066,NA,0.066,NA,0.066
L03-708-11 (L03P05),LAGUNA NIGUEL,0.008,NA,0.0332,NA,0.0332
L03-708-11 (L03P05),LAGUNA NIGUEL,0.121,NA,0.0332,NA,0.0332
L03-708-11 (L03P05),LAGUNA NIGUEL,0.022,NA,0.0332,NA,0.0332
L03-708-11 (L03P05),LAGUNA NIGUEL,0.012,NA,0.0332,NA,0.0332
L03-708-11 (L03P05),LAGUNA NIGUEL,0.016,NA,0.0332,NA,0.0332
L03-708-11 (L03P05),LAGUNA NIGUEL,0.017,NA,0.0332,NA,0.0332
L03-708-11 (L03P05),LAGUNA NIGUEL,0.064,NA,0.0332,NA,0.0332
L03-708-11 (L03P05),LAGUNA NIGUEL,0.023,NA,0.0332,NA,0.0332
L03-708-11 (L03P05),LAGUNA NIGUEL,0.037,NA,0.0332,NA,0.0332
L03-708-11 (L03P05),LAGUNA NIGUEL,0.012,NA,0.0332,NA,0.0332
L03-708-11 (L03P05),LAGUNA NIGUEL,NA,NA,0.0332,NA,0.0332
LC06-11019-1,LAGUNA BEACH,0.001,NA,0.001,NA,0.001
L01-404-2,ORANGE CO,0.033,NA,0.025500000000000002,NA,0.025500000000000002
L01-404-2,ORANGE CO,0.021,NA,0.025500000000000002,NA,0.025500000000000002
L01-404-2,ORANGE CO,0.016,NA,0.025500000000000002,NA,0.025500000000000002
L01-404-2,ORANGE CO,0.032,NA,0.025500000000000002,NA,0.025500000000000002
LC05-11017-2,LAGUNA BEACH,0.002,NA,0.002,NA,0.002
M02-032-1,SAN CLEMENTE,NA,NA,NA,NA,NA
M02-032-1,SAN CLEMENTE,NA,NA,NA,NA,NA
K01-12036-5,LAGUNA NIGUEL,0.007,NA,0.007,NA,0.007
K01-12036-5,LAGUNA NIGUEL,NA,NA,0.007,NA,0.007
L02-204-1 (L02P45),RANCHO SANTA MARGARITA,0.004,NA,0.0036,NA,0.0036
L02-204-1 (L02P45),RANCHO SANTA MARGARITA,0.004,NA,0.0036,NA,0.0036
L02-204-1 (L02P45),RANCHO SANTA MARGARITA,0.004,NA,0.0036,NA,0.0036
L02-204-1 (L02P45),RANCHO SANTA MARGARITA,0.004,NA,0.0036,NA,0.0036
L02-204-1 (L02P45),RANCHO SANTA MARGARITA,0.002,NA,0.0036,NA,0.0036
L01-766-3,SAN JUAN CAPISTRANO,0.006,NA,0.0035,NA,0.0035
L01-766-3,SAN JUAN CAPISTRANO,0.001,NA,0.0035,NA,0.0035
L02-502-5,SAN JUAN CAPISTRANO,0.004,NA,0.004,NA,0.004
L05-049-1,ORANGE CO,NA,NA,0.11275,NA,0.11275
L05-049-1,ORANGE CO,0.163,NA,0.11275,NA,0.11275
L05-049-1,ORANGE CO,0.044,NA,0.11275,NA,0.11275
L05-049-1,ORANGE CO,0.128,NA,0.11275,NA,0.11275
L05-049-1,ORANGE CO,0.116,NA,0.11275,NA,0.11275
M01-099-1,SAN CLEMENTE,0.005,NA,0.0055,NA,0.0055
M01-099-1,SAN CLEMENTE,0.006,NA,0.0055,NA,0.0055
J01-9066-2 (J01P03),LAKE FOREST,0.013,NA,0.0183,NA,0.0183
J01-9066-2 (J01P03),LAKE FOREST,NA,NA,0.0183,NA,0.0183
J01-9066-2 (J01P03),LAKE FOREST,0.002,NA,0.0183,NA,0.0183
J01-9066-2 (J01P03),LAKE FOREST,0.015,NA,0.0183,NA,0.0183
J01-9066-2 (J01P03),LAKE FOREST,0.042,NA,0.0183,NA,0.0183
J01-9066-2 (J01P03),LAKE FOREST,0.024,NA,0.0183,NA,0.0183
J01-9066-2 (J01P03),LAKE FOREST,0.013,NA,0.0183,NA,0.0183
J01-9066-2 (J01P03),LAKE FOREST,NA,NA,0.0183,NA,0.0183
J01-9066-2 (J01P03),LAKE FOREST,NA,NA,0.0183,NA,0.0183
J01-9066-2 (J01P03),LAKE FOREST,0.019,NA,0.0183,NA,0.0183
J01-9066-2 (J01P03),LAKE FOREST,0.015,NA,0.0183,NA,0.0183
J01-9066-2 (J01P03),LAKE FOREST,0.02,NA,0.0183,NA,0.0183
J01-9066-2 (J01P03),LAKE FOREST,0.02,NA,0.0183,NA,0.0183
M02-052-4,SAN CLEMENTE,0.001,NA,0.004333333333333333,NA,0.004333333333333333
M02-052-4,SAN CLEMENTE,0.01,NA,0.004333333333333333,NA,0.004333333333333333
M02-052-4,SAN CLEMENTE,0.002,NA,0.004333333333333333,NA,0.004333333333333333
L01-760-1,ORANGE CO,0.004,NA,0.004,NA,0.004
L01-760-1,ORANGE CO,0.004,NA,0.004,NA,0.004
L01-760-1,ORANGE CO,0.004,NA,0.004,NA,0.004
L02-374-1 (L02P50),ORANGE CO,NA,NA,0.06166666666666667,NA,0.06166666666666667
L02-374-1 (L02P50),ORANGE CO,NA,NA,0.06166666666666667,NA,0.06166666666666667
L02-374-1 (L02P50),ORANGE CO,0.055,NA,0.06166666666666667,NA,0.06166666666666667
L02-374-1 (L02P50),ORANGE CO,0.067,NA,0.06166666666666667,NA,0.06166666666666667
L02-374-1 (L02P50),ORANGE CO,0.058,NA,0.06166666666666667,NA,0.06166666666666667
L02-374-1 (L02P50),ORANGE CO,0.079,NA,0.06166666666666667,NA,0.06166666666666667
L02-374-1 (L02P50),ORANGE CO,0.073,NA,0.06166666666666667,NA,0.06166666666666667
L02-374-1 (L02P50),ORANGE CO,0.038,NA,0.06166666666666667,NA,0.06166666666666667
M01-038-6,SAN CLEMENTE,0.002,NA,0.0015,NA,0.0015
M01-038-6,SAN CLEMENTE,0.001,NA,0.0015,NA,0.0015
L01-218-2,RANCHO SANTA MARGARITA,0.001,NA,0.0015,NA,0.0015
L01-218-2,RANCHO SANTA MARGARITA,0.002,NA,0.0015,NA,0.0015
K01-12138-1 (K01TBN1),LAGUNA NIGUEL,0.003,NA,0.0025,NA,0.0025
K01-12138-1 (K01TBN1),LAGUNA NIGUEL,0.002,NA,0.0025,NA,0.0025
L01-494-1,ORANGE CO,0.022,NA,0.038,NA,0.038
L01-494-1,ORANGE CO,0.054,NA,0.038,NA,0.038
M01-124-5,SAN CLEMENTE,0.035,NA,0.035,NA,0.035
M01-124-5,SAN CLEMENTE,NA,NA,0.035,NA,0.035
M01-124-5,SAN CLEMENTE,NA,NA,0.035,NA,0.035
L03-455-7,LAGUNA NIGUEL,0.004,NA,0.004,NA,0.004
L03-455-7,LAGUNA NIGUEL,0.004,NA,0.004,NA,0.004
L01-340-1,ORANGE CO,0.025,NA,0.016333333333333335,NA,0.016333333333333335
L01-340-1,ORANGE CO,0.008,NA,0.016333333333333335,NA,0.016333333333333335
L01-340-1,ORANGE CO,NA,NA,0.016333333333333335,NA,0.016333333333333335
L01-340-1,ORANGE CO,0.016,NA,0.016333333333333335,NA,0.016333333333333335
J01-9046-2,LAKE FOREST,0,NA,1.25e-4,NA,1.25e-4
J01-9046-2,LAKE FOREST,0.001,NA,1.25e-4,NA,1.25e-4
J01-9046-2,LAKE FOREST,NA,NA,1.25e-4,NA,1.25e-4
J01-9046-2,LAKE FOREST,0,NA,1.25e-4,NA,1.25e-4
J01-9046-2,LAKE FOREST,0,NA,1.25e-4,NA,1.25e-4
J01-9046-2,LAKE FOREST,0,NA,1.25e-4,NA,1.25e-4
J01-9046-2,LAKE FOREST,0,NA,1.25e-4,NA,1.25e-4
J01-9046-2,LAKE FOREST,0,NA,1.25e-4,NA,1.25e-4
J01-9046-2,LAKE FOREST,0,NA,1.25e-4,NA,1.25e-4
J01-9046-2,LAKE FOREST,NA,NA,1.25e-4,NA,1.25e-4
J01-9046-2,LAKE FOREST,NA,NA,1.25e-4,NA,1.25e-4
J01-9264-1,LAKE FOREST,0.034,NA,0.004857142857142858,NA,0.004857142857142858
J01-9264-1,LAKE FOREST,NA,NA,0.004857142857142858,NA,0.004857142857142858
J01-9264-1,LAKE FOREST,0,NA,0.004857142857142858,NA,0.004857142857142858
J01-9264-1,LAKE FOREST,0,NA,0.004857142857142858,NA,0.004857142857142858
J01-9264-1,LAKE FOREST,NA,NA,0.004857142857142858,NA,0.004857142857142858
J01-9264-1,LAKE FOREST,0,NA,0.004857142857142858,NA,0.004857142857142858
J01-9264-1,LAKE FOREST,0,NA,0.004857142857142858,NA,0.004857142857142858
J01-9264-1,LAKE FOREST,0,NA,0.004857142857142858,NA,0.004857142857142858
J01-9264-1,LAKE FOREST,0,NA,0.004857142857142858,NA,0.004857142857142858
J01-10019-1 (J01P33),ALISO VIEJO,0,NA,0.001142857142857143,NA,0.001142857142857143
J01-10019-1 (J01P33),ALISO VIEJO,0,NA,0.001142857142857143,NA,0.001142857142857143
J01-10019-1 (J01P33),ALISO VIEJO,NA,NA,0.001142857142857143,NA,0.001142857142857143
J01-10019-1 (J01P33),ALISO VIEJO,0.002,NA,0.001142857142857143,NA,0.001142857142857143
J01-10019-1 (J01P33),ALISO VIEJO,0.002,NA,0.001142857142857143,NA,0.001142857142857143
J01-10019-1 (J01P33),ALISO VIEJO,0.002,NA,0.001142857142857143,NA,0.001142857142857143
J01-10019-1 (J01P33),ALISO VIEJO,0.001,NA,0.001142857142857143,NA,0.001142857142857143
J01-10019-1 (J01P33),ALISO VIEJO,0.001,NA,0.001142857142857143,NA,0.001142857142857143
L01-335-1,ORANGE CO,0.004,NA,0.0025,NA,0.0025
L01-335-1,ORANGE CO,0.001,NA,0.0025,NA,0.0025
K01-12058-2 (K01P09),LAGUNA NIGUEL,0.028,NA,0.0461,NA,0.0461
K01-12058-2 (K01P09),LAGUNA NIGUEL,0.045,NA,0.0461,NA,0.0461
K01-12058-2 (K01P09),LAGUNA NIGUEL,0.025,NA,0.0461,NA,0.0461
K01-12058-2 (K01P09),LAGUNA NIGUEL,0.071,NA,0.0461,NA,0.0461
K01-12058-2 (K01P09),LAGUNA NIGUEL,0.032,NA,0.0461,NA,0.0461
K01-12058-2 (K01P09),LAGUNA NIGUEL,0.066,NA,0.0461,NA,0.0461
K01-12058-2 (K01P09),LAGUNA NIGUEL,0.053,NA,0.0461,NA,0.0461
K01-12058-2 (K01P09),LAGUNA NIGUEL,0.045,NA,0.0461,NA,0.0461
K01-12058-2 (K01P09),LAGUNA NIGUEL,0.051,NA,0.0461,NA,0.0461
K01-12058-2 (K01P09),LAGUNA NIGUEL,0.045,NA,0.0461,NA,0.0461
J01-9144-4 (J01P26),ALISO VIEJO,NA,NA,8.571428571428572e-4,NA,8.571428571428572e-4
J01-9144-4 (J01P26),ALISO VIEJO,NA,NA,8.571428571428572e-4,NA,8.571428571428572e-4
J01-9144-4 (J01P26),ALISO VIEJO,NA,NA,8.571428571428572e-4,NA,8.571428571428572e-4
J01-9144-4 (J01P26),ALISO VIEJO,NA,NA,8.571428571428572e-4,NA,8.571428571428572e-4
J01-9144-4 (J01P26),ALISO VIEJO,0,NA,8.571428571428572e-4,NA,8.571428571428572e-4
J01-9144-4 (J01P26),ALISO VIEJO,0,NA,8.571428571428572e-4,NA,8.571428571428572e-4
J01-9144-4 (J01P26),ALISO VIEJO,0,NA,8.571428571428572e-4,NA,8.571428571428572e-4
J01-9144-4 (J01P26),ALISO VIEJO,0.006,NA,8.571428571428572e-4,NA,8.571428571428572e-4
J01-9144-4 (J01P26),ALISO VIEJO,0,NA,8.571428571428572e-4,NA,8.571428571428572e-4
J01-9144-4 (J01P26),ALISO VIEJO,0,NA,8.571428571428572e-4,NA,8.571428571428572e-4
J01-9144-4 (J01P26),ALISO VIEJO,0,NA,8.571428571428572e-4,NA,8.571428571428572e-4
L01-618-5 (L01S09),SAN JUAN CAPISTRANO,NA,NA,NA,NA,NA
L03-214-2 (L03P18),MISSION VIEJO,0.153,NA,0.17025,0.47,0.17025
L03-214-2 (L03P18),MISSION VIEJO,0.059,NA,0.17025,0.47,0.17025
L03-214-2 (L03P18),MISSION VIEJO,0.25,0.47,0.17025,0.47,0.17025
L03-214-2 (L03P18),MISSION VIEJO,0.219,NA,0.17025,0.47,0.17025
ENGLISH_LOSALISOS,MISSION VIEJO,0.143,NA,0.09328571428571428,NA,0.09328571428571428
ENGLISH_LOSALISOS,MISSION VIEJO,0.059,NA,0.09328571428571428,NA,0.09328571428571428
ENGLISH_LOSALISOS,MISSION VIEJO,0.122,NA,0.09328571428571428,NA,0.09328571428571428
ENGLISH_LOSALISOS,MISSION VIEJO,0.154,NA,0.09328571428571428,NA,0.09328571428571428
ENGLISH_LOSALISOS,MISSION VIEJO,0.082,NA,0.09328571428571428,NA,0.09328571428571428
ENGLISH_LOSALISOS,MISSION VIEJO,0.04,NA,0.09328571428571428,NA,0.09328571428571428
ENGLISH_LOSALISOS,MISSION VIEJO,0.053,NA,0.09328571428571428,NA,0.09328571428571428
J07-9109-4 (J07P02),MISSION VIEJO,0.029,NA,0.014307692307692308,NA,0.014307692307692308
J07-9109-4 (J07P02),MISSION VIEJO,0.017,NA,0.014307692307692308,NA,0.014307692307692308
J07-9109-4 (J07P02),MISSION VIEJO,0.007,NA,0.014307692307692308,NA,0.014307692307692308
J07-9109-4 (J07P02),MISSION VIEJO,NA,NA,0.014307692307692308,NA,0.014307692307692308
J07-9109-4 (J07P02),MISSION VIEJO,0.004,NA,0.014307692307692308,NA,0.014307692307692308
J07-9109-4 (J07P02),MISSION VIEJO,0.013,NA,0.014307692307692308,NA,0.014307692307692308
J07-9109-4 (J07P02),MISSION VIEJO,NA,NA,0.014307692307692308,NA,0.014307692307692308
J07-9109-4 (J07P02),MISSION VIEJO,0.026,NA,0.014307692307692308,NA,0.014307692307692308
J07-9109-4 (J07P02),MISSION VIEJO,0.026,NA,0.014307692307692308,NA,0.014307692307692308
J07-9109-4 (J07P02),MISSION VIEJO,0.016,NA,0.014307692307692308,NA,0.014307692307692308
J07-9109-4 (J07P02),MISSION VIEJO,0.015,NA,0.014307692307692308,NA,0.014307692307692308
J07-9109-4 (J07P02),MISSION VIEJO,0.01,NA,0.014307692307692308,NA,0.014307692307692308
J07-9109-4 (J07P02),MISSION VIEJO,0.014,NA,0.014307692307692308,NA,0.014307692307692308
J07-9109-4 (J07P02),MISSION VIEJO,NA,NA,0.014307692307692308,NA,0.014307692307692308
J07-9109-4 (J07P02),MISSION VIEJO,NA,NA,0.014307692307692308,NA,0.014307692307692308
J07-9109-4 (J07P02),MISSION VIEJO,0.009,NA,0.014307692307692308,NA,0.014307692307692308
J07-9109-4 (J07P02),MISSION VIEJO,NA,NA,0.014307692307692308,NA,0.014307692307692308
J07-9109-4 (J07P02),MISSION VIEJO,NA,NA,0.014307692307692308,NA,0.014307692307692308
J07-9109-4 (J07P02),MISSION VIEJO,0,NA,0.014307692307692308,NA,0.014307692307692308
J07-9109-4 (J07P02),MISSION VIEJO,NA,NA,0.014307692307692308,NA,0.014307692307692308
J07-9109-4 (J07P02),MISSION VIEJO,NA,NA,0.014307692307692308,NA,0.014307692307692308
L03-662-1,MISSION VIEJO,0.008,NA,0.006,NA,0.006
L03-662-1,MISSION VIEJO,0.004,NA,0.006,NA,0.006
K01-12177-1 (K01P07),LAGUNA NIGUEL,0.039,NA,0.0644,NA,0.0644
K01-12177-1 (K01P07),LAGUNA NIGUEL,0.024,NA,0.0644,NA,0.0644
K01-12177-1 (K01P07),LAGUNA NIGUEL,0.071,NA,0.0644,NA,0.0644
K01-12177-1 (K01P07),LAGUNA NIGUEL,0.087,NA,0.0644,NA,0.0644
K01-12177-1 (K01P07),LAGUNA NIGUEL,0.101,NA,0.0644,NA,0.0644
M02-052-3,SAN CLEMENTE,0.002,NA,0.002,NA,0.002
M02-052-3,SAN CLEMENTE,0.002,NA,0.002,NA,0.002
M02-052-3,SAN CLEMENTE,NA,NA,0.002,NA,0.002
J01-9005-3,LAGUNA NIGUEL,NA,NA,0.017875000000000002,NA,0.017875000000000002
J01-9005-3,LAGUNA NIGUEL,NA,NA,0.017875000000000002,NA,0.017875000000000002
J01-9005-3,LAGUNA NIGUEL,0.027,NA,0.017875000000000002,NA,0.017875000000000002
J01-9005-3,LAGUNA NIGUEL,0,NA,0.017875000000000002,NA,0.017875000000000002
J01-9005-3,LAGUNA NIGUEL,0,NA,0.017875000000000002,NA,0.017875000000000002
J01-9005-3,LAGUNA NIGUEL,0,NA,0.017875000000000002,NA,0.017875000000000002
J01-9005-3,LAGUNA NIGUEL,0.067,NA,0.017875000000000002,NA,0.017875000000000002
J01-9005-3,LAGUNA NIGUEL,0,NA,0.017875000000000002,NA,0.017875000000000002
J01-9005-3,LAGUNA NIGUEL,0,NA,0.017875000000000002,NA,0.017875000000000002
J01-9005-3,LAGUNA NIGUEL,0.049,NA,0.017875000000000002,NA,0.017875000000000002
J03-9368-2 (J03TBN2),LAGUNA NIGUEL,0.003,NA,0.004,NA,0.004
J03-9368-2 (J03TBN2),LAGUNA NIGUEL,0.004,NA,0.004,NA,0.004
J03-9368-2 (J03TBN2),LAGUNA NIGUEL,0,NA,0.004,NA,0.004
J03-9368-2 (J03TBN2),LAGUNA NIGUEL,0.004,NA,0.004,NA,0.004
J03-9368-2 (J03TBN2),LAGUNA NIGUEL,0.012,NA,0.004,NA,0.004
J03-9368-2 (J03TBN2),LAGUNA NIGUEL,0.003,NA,0.004,NA,0.004
J03-9368-2 (J03TBN2),LAGUNA NIGUEL,0.005,NA,0.004,NA,0.004
J03-9368-2 (J03TBN2),LAGUNA NIGUEL,0.002,NA,0.004,NA,0.004
J03-9368-2 (J03TBN2),LAGUNA NIGUEL,0.007,NA,0.004,NA,0.004
J03-9368-2 (J03TBN2),LAGUNA NIGUEL,0,NA,0.004,NA,0.004
J03-9234-6,LAGUNA NIGUEL,0.026,NA,0.04566666666666667,0.347,0.04566666666666667
J03-9234-6,LAGUNA NIGUEL,0.039,NA,0.04566666666666667,0.347,0.04566666666666667
J03-9234-6,LAGUNA NIGUEL,0.006,NA,0.04566666666666667,0.347,0.04566666666666667
J03-9234-6,LAGUNA NIGUEL,0.034,NA,0.04566666666666667,0.347,0.04566666666666667
J03-9234-6,LAGUNA NIGUEL,0.081,NA,0.04566666666666667,0.347,0.04566666666666667
J03-9234-6,LAGUNA NIGUEL,NA,0.347,0.04566666666666667,0.347,0.04566666666666667
J03-9234-6,LAGUNA NIGUEL,0.058,NA,0.04566666666666667,0.347,0.04566666666666667
J03-9234-6,LAGUNA NIGUEL,0.066,NA,0.04566666666666667,0.347,0.04566666666666667
J03-9234-6,LAGUNA NIGUEL,0.049,NA,0.04566666666666667,0.347,0.04566666666666667
J03-9234-6,LAGUNA NIGUEL,0.024,NA,0.04566666666666667,0.347,0.04566666666666667
J03-9234-6,LAGUNA NIGUEL,0.013,NA,0.04566666666666667,0.347,0.04566666666666667
J03-9234-6,LAGUNA NIGUEL,0.117,NA,0.04566666666666667,0.347,0.04566666666666667
J03-9234-6,LAGUNA NIGUEL,0.035,NA,0.04566666666666667,0.347,0.04566666666666667
M02-061-4 (SCBS@M02),SAN CLEMENTE,0.002,NA,0.002,NA,0.002
L03-316-1,MISSION VIEJO,0.002,NA,0.00825,NA,0.00825
L03-316-1,MISSION VIEJO,0.028,NA,0.00825,NA,0.00825
L03-316-1,MISSION VIEJO,0,NA,0.00825,NA,0.00825
L03-316-1,MISSION VIEJO,0.003,NA,0.00825,NA,0.00825
J03-9215-3,LAGUNA NIGUEL,0.015,NA,0.0154,NA,0.0154
J03-9215-3,LAGUNA NIGUEL,0.012,NA,0.0154,NA,0.0154
J03-9215-3,LAGUNA NIGUEL,0.008,NA,0.0154,NA,0.0154
J03-9215-3,LAGUNA NIGUEL,0.008,NA,0.0154,NA,0.0154
J03-9215-3,LAGUNA NIGUEL,0.034,NA,0.0154,NA,0.0154
J03-9215-3,LAGUNA NIGUEL,NA,NA,0.0154,NA,0.0154
L03-316-4,MISSION VIEJO,0,NA,0.0023333333333333335,NA,0.0023333333333333335
L03-316-4,MISSION VIEJO,0.001,NA,0.0023333333333333335,NA,0.0023333333333333335
L03-316-4,MISSION VIEJO,0.006,NA,0.0023333333333333335,NA,0.0023333333333333335
J01-9082-4,ALISO VIEJO,0,NA,0.0077,NA,0.0077
J01-9082-4,ALISO VIEJO,0.013,NA,0.0077,NA,0.0077
J01-9082-4,ALISO VIEJO,0.023,NA,0.0077,NA,0.0077
J01-9082-4,ALISO VIEJO,0.021,NA,0.0077,NA,0.0077
J01-9082-4,ALISO VIEJO,0.006,NA,0.0077,NA,0.0077
J01-9082-4,ALISO VIEJO,0.003,NA,0.0077,NA,0.0077
J01-9082-4,ALISO VIEJO,0.002,NA,0.0077,NA,0.0077
J01-9082-4,ALISO VIEJO,0,NA,0.0077,NA,0.0077
J01-9082-4,ALISO VIEJO,0.001,NA,0.0077,NA,0.0077
J01-9082-4,ALISO VIEJO,0.008,NA,0.0077,NA,0.0077
L03-708-13,LAGUNA NIGUEL,0.007,NA,0.007,NA,0.007
J01-9008-1 (J01P30),ALISO VIEJO,0.005,NA,0.02542857142857143,NA,0.02542857142857143
J01-9008-1 (J01P30),ALISO VIEJO,NA,NA,0.02542857142857143,NA,0.02542857142857143
J01-9008-1 (J01P30),ALISO VIEJO,0.013,NA,0.02542857142857143,NA,0.02542857142857143
J01-9008-1 (J01P30),ALISO VIEJO,0.007,NA,0.02542857142857143,NA,0.02542857142857143
J01-9008-1 (J01P30),ALISO VIEJO,0.035,NA,0.02542857142857143,NA,0.02542857142857143
J01-9008-1 (J01P30),ALISO VIEJO,0.028,NA,0.02542857142857143,NA,0.02542857142857143
J01-9008-1 (J01P30),ALISO VIEJO,0.018,NA,0.02542857142857143,NA,0.02542857142857143
J01-9008-1 (J01P30),ALISO VIEJO,0.032,NA,0.02542857142857143,NA,0.02542857142857143
J01-9008-1 (J01P30),ALISO VIEJO,0.012,NA,0.02542857142857143,NA,0.02542857142857143
J01-9008-1 (J01P30),ALISO VIEJO,0.052,NA,0.02542857142857143,NA,0.02542857142857143
J01-9008-1 (J01P30),ALISO VIEJO,0.013,NA,0.02542857142857143,NA,0.02542857142857143
J01-9008-1 (J01P30),ALISO VIEJO,0.043,NA,0.02542857142857143,NA,0.02542857142857143
J01-9008-1 (J01P30),ALISO VIEJO,0.047,NA,0.02542857142857143,NA,0.02542857142857143
J01-9008-1 (J01P30),ALISO VIEJO,0.02,NA,0.02542857142857143,NA,0.02542857142857143
J01-9008-1 (J01P30),ALISO VIEJO,0.031,NA,0.02542857142857143,NA,0.02542857142857143
J01-9005-1 (J03P05),LAGUNA NIGUEL,0.015,NA,0.012714285714285714,NA,0.012714285714285714
J01-9005-1 (J03P05),LAGUNA NIGUEL,0.015,NA,0.012714285714285714,NA,0.012714285714285714
J01-9005-1 (J03P05),LAGUNA NIGUEL,0.006,NA,0.012714285714285714,NA,0.012714285714285714
J01-9005-1 (J03P05),LAGUNA NIGUEL,NA,NA,0.012714285714285714,NA,0.012714285714285714
J01-9005-1 (J03P05),LAGUNA NIGUEL,0.009,NA,0.012714285714285714,NA,0.012714285714285714
J01-9005-1 (J03P05),LAGUNA NIGUEL,0.016,NA,0.012714285714285714,NA,0.012714285714285714
J01-9005-1 (J03P05),LAGUNA NIGUEL,0.011,NA,0.012714285714285714,NA,0.012714285714285714
J01-9005-1 (J03P05),LAGUNA NIGUEL,0.017,NA,0.012714285714285714,NA,0.012714285714285714
L01-760-2,ORANGE CO,0.06,NA,0.0655,NA,0.0655
L01-760-2,ORANGE CO,NA,NA,0.0655,NA,0.0655
L01-760-2,ORANGE CO,0.071,NA,0.0655,NA,0.0655
J05-9800-2,LAGUNA HILLS,NA,NA,0,NA,0
J05-9800-2,LAGUNA HILLS,NA,NA,0,NA,0
J05-9800-2,LAGUNA HILLS,0,NA,0,NA,0
J05-9800-2,LAGUNA HILLS,0,NA,0,NA,0
J05-9800-2,LAGUNA HILLS,0,NA,0,NA,0
J05-9800-2,LAGUNA HILLS,0,NA,0,NA,0
J05-9800-2,LAGUNA HILLS,NA,NA,0,NA,0
J05-9800-2,LAGUNA HILLS,NA,NA,0,NA,0
J05-9800-2,LAGUNA HILLS,0,NA,0,NA,0
J05-9800-2,LAGUNA HILLS,NA,NA,0,NA,0
SC09-081-2d,SAN CLEMENTE,0.031,NA,0.031,NA,0.031
ALISO_SR73,ALISO VIEJO,NA,3.301,1.3685,3.301,1.3685
ALISO_SR73,ALISO VIEJO,0.221,NA,1.3685,3.301,1.3685
ALISO_SR73,ALISO VIEJO,1.161,NA,1.3685,3.301,1.3685
ALISO_SR73,ALISO VIEJO,1.866,NA,1.3685,3.301,1.3685
ALISO_SR73,ALISO VIEJO,2.292,NA,1.3685,3.301,1.3685
ALISO_SR73,ALISO VIEJO,1.607,NA,1.3685,3.301,1.3685
ALISO_SR73,ALISO VIEJO,1.064,NA,1.3685,3.301,1.3685
L03-241-3,MISSION VIEJO,0.141,NA,0.141,NA,0.141
L01-728-5 (L01-DP),DANA POINT,0.008,NA,0.0064,NA,0.0064
L01-728-5 (L01-DP),DANA POINT,0.008,NA,0.0064,NA,0.0064
L01-728-5 (L01-DP),DANA POINT,0.011,NA,0.0064,NA,0.0064
L01-728-5 (L01-DP),DANA POINT,NA,NA,0.0064,NA,0.0064
L01-728-5 (L01-DP),DANA POINT,0.002,NA,0.0064,NA,0.0064
L01-728-5 (L01-DP),DANA POINT,0.003,NA,0.0064,NA,0.0064
L01-728-5 (L01-DP),DANA POINT,NA,NA,0.0064,NA,0.0064
J01-9349-1,LAKE FOREST,0,NA,1.1111111111111112e-4,NA,1.1111111111111112e-4
J01-9349-1,LAKE FOREST,NA,NA,1.1111111111111112e-4,NA,1.1111111111111112e-4
J01-9349-1,LAKE FOREST,0,NA,1.1111111111111112e-4,NA,1.1111111111111112e-4
J01-9349-1,LAKE FOREST,0,NA,1.1111111111111112e-4,NA,1.1111111111111112e-4
J01-9349-1,LAKE FOREST,0,NA,1.1111111111111112e-4,NA,1.1111111111111112e-4
J01-9349-1,LAKE FOREST,0.001,NA,1.1111111111111112e-4,NA,1.1111111111111112e-4
J01-9349-1,LAKE FOREST,0,NA,1.1111111111111112e-4,NA,1.1111111111111112e-4
J01-9349-1,LAKE FOREST,0,NA,1.1111111111111112e-4,NA,1.1111111111111112e-4
J01-9349-1,LAKE FOREST,0,NA,1.1111111111111112e-4,NA,1.1111111111111112e-4
J01-9349-1,LAKE FOREST,0,NA,1.1111111111111112e-4,NA,1.1111111111111112e-4
J01-9349-1,LAKE FOREST,NA,NA,1.1111111111111112e-4,NA,1.1111111111111112e-4
L03-316-2,MISSION VIEJO,0.002,NA,0.004,NA,0.004
L03-316-2,MISSION VIEJO,0.002,NA,0.004,NA,0.004
L03-316-2,MISSION VIEJO,NA,NA,0.004,NA,0.004
L03-316-2,MISSION VIEJO,0.004,NA,0.004,NA,0.004
L03-316-2,MISSION VIEJO,0.008,NA,0.004,NA,0.004
L01-749-3,SAN JUAN CAPISTRANO,0.003,NA,0.003,NA,0.003
J01-10004-1 (J01P01),LAKE FOREST,NA,NA,0.053375,NA,0.053375
J01-10004-1 (J01P01),LAKE FOREST,0.026,NA,0.053375,NA,0.053375
J01-10004-1 (J01P01),LAKE FOREST,0.032,NA,0.053375,NA,0.053375
J01-10004-1 (J01P01),LAKE FOREST,NA,NA,0.053375,NA,0.053375
J01-10004-1 (J01P01),LAKE FOREST,0.091,NA,0.053375,NA,0.053375
J01-10004-1 (J01P01),LAKE FOREST,0.022,NA,0.053375,NA,0.053375
J01-10004-1 (J01P01),LAKE FOREST,0.064,NA,0.053375,NA,0.053375
J01-10004-1 (J01P01),LAKE FOREST,0.07,NA,0.053375,NA,0.053375
J01-10004-1 (J01P01),LAKE FOREST,NA,NA,0.053375,NA,0.053375
J01-10004-1 (J01P01),LAKE FOREST,NA,NA,0.053375,NA,0.053375
J01-10004-1 (J01P01),LAKE FOREST,0.038,NA,0.053375,NA,0.053375
J01-10004-1 (J01P01),LAKE FOREST,0.084,NA,0.053375,NA,0.053375
L02-541-9 (L02P02),SAN JUAN CAPISTRANO,0.002,NA,0.004,NA,0.004
L02-541-9 (L02P02),SAN JUAN CAPISTRANO,0.006,NA,0.004,NA,0.004
L05-489-7,ORANGE CO,0.013,NA,0.02575,NA,0.02575
L05-489-7,ORANGE CO,0.028,NA,0.02575,NA,0.02575
L05-489-7,ORANGE CO,0.019,NA,0.02575,NA,0.02575
L05-489-7,ORANGE CO,0.043,NA,0.02575,NA,0.02575
I01-11195-2,ALISO VIEJO,0.08,NA,0.08,NA,0.08
L01-728-3 (L01S02),DANA POINT,0.017,NA,0.017,NA,0.017
L01-728-3 (L01S02),DANA POINT,NA,NA,0.017,NA,0.017
L02-641-2,RANCHO SANTA MARGARITA,0.05,NA,0.058666666666666666,NA,0.058666666666666666
L02-641-2,RANCHO SANTA MARGARITA,0.009,NA,0.058666666666666666,NA,0.058666666666666666
L02-641-2,RANCHO SANTA MARGARITA,0.047,NA,0.058666666666666666,NA,0.058666666666666666
L02-641-2,RANCHO SANTA MARGARITA,0.025,NA,0.058666666666666666,NA,0.058666666666666666
L02-641-2,RANCHO SANTA MARGARITA,0.046,NA,0.058666666666666666,NA,0.058666666666666666
L02-641-2,RANCHO SANTA MARGARITA,0.129,NA,0.058666666666666666,NA,0.058666666666666666
L02-641-2,RANCHO SANTA MARGARITA,0.108,NA,0.058666666666666666,NA,0.058666666666666666
L02-641-2,RANCHO SANTA MARGARITA,0.062,NA,0.058666666666666666,NA,0.058666666666666666
L02-641-2,RANCHO SANTA MARGARITA,0.052,NA,0.058666666666666666,NA,0.058666666666666666
J01-9992-1 (J01P27),ALISO VIEJO,0.001,NA,0.018,NA,0.018
J01-9992-1 (J01P27),ALISO VIEJO,0.025,NA,0.018,NA,0.018
J01-9992-1 (J01P27),ALISO VIEJO,0.015,NA,0.018,NA,0.018
J01-9992-1 (J01P27),ALISO VIEJO,0.023,NA,0.018,NA,0.018
J01-9992-1 (J01P27),ALISO VIEJO,0.008,NA,0.018,NA,0.018
J01-9992-1 (J01P27),ALISO VIEJO,0.01,NA,0.018,NA,0.018
J01-9992-1 (J01P27),ALISO VIEJO,0.009,NA,0.018,NA,0.018
J01-9992-1 (J01P27),ALISO VIEJO,0.003,NA,0.018,NA,0.018
J01-9992-1 (J01P27),ALISO VIEJO,0.086,NA,0.018,NA,0.018
J01-9992-1 (J01P27),ALISO VIEJO,0,NA,0.018,NA,0.018
J01-9992-1 (J01P27),ALISO VIEJO,NA,NA,0.018,NA,0.018
J01-9992-1 (J01P27),ALISO VIEJO,NA,NA,0.018,NA,0.018
LC06-11509-2,LAGUNA BEACH,0.004,NA,0.0055,NA,0.0055
LC06-11509-2,LAGUNA BEACH,0.007,NA,0.0055,NA,0.0055
I01-11023-2,LAGUNA BEACH,0.002,NA,0.002,NA,0.002
L03-240-1 (L03P14),MISSION VIEJO,NA,NA,0.0185,NA,0.0185
L03-240-1 (L03P14),MISSION VIEJO,0.03,NA,0.0185,NA,0.0185
L03-240-1 (L03P14),MISSION VIEJO,0.016,NA,0.0185,NA,0.0185
L03-240-1 (L03P14),MISSION VIEJO,0.004,NA,0.0185,NA,0.0185
L03-240-1 (L03P14),MISSION VIEJO,0.024,NA,0.0185,NA,0.0185
M02-061-6,SAN CLEMENTE,0,NA,0,NA,0
J07-9109-2,MISSION VIEJO,NA,NA,NA,NA,NA
J07-9109-2,MISSION VIEJO,NA,NA,NA,NA,NA
M02-085-1 (M02P06),SAN CLEMENTE,0.016,NA,0.01575,NA,0.01575
M02-085-1 (M02P06),SAN CLEMENTE,0.011,NA,0.01575,NA,0.01575
M02-085-1 (M02P06),SAN CLEMENTE,0.019,NA,0.01575,NA,0.01575
M02-085-1 (M02P06),SAN CLEMENTE,0.017,NA,0.01575,NA,0.01575
J01-9364-3,ORANGE CO,0,NA,0,NA,0
J01-9364-3,ORANGE CO,0,NA,0,NA,0
J01-9364-3,ORANGE CO,0,NA,0,NA,0
J01-9364-3,ORANGE CO,0,NA,0,NA,0
J01-9364-3,ORANGE CO,0,NA,0,NA,0
L02-166-3 (L02P26),RANCHO SANTA MARGARITA,0.105,NA,0.0468,NA,0.0468
L02-166-3 (L02P26),RANCHO SANTA MARGARITA,0.021,NA,0.0468,NA,0.0468
L02-166-3 (L02P26),RANCHO SANTA MARGARITA,0.026,NA,0.0468,NA,0.0468
L02-166-3 (L02P26),RANCHO SANTA MARGARITA,0.04,NA,0.0468,NA,0.0468
L02-166-3 (L02P26),RANCHO SANTA MARGARITA,0.042,NA,0.0468,NA,0.0468
J01-9224-2,LAGUNA NIGUEL,NA,NA,0.0259,0.05,0.0259
J01-9224-2,LAGUNA NIGUEL,NA,NA,0.0259,0.05,0.0259
J01-9224-2,LAGUNA NIGUEL,NA,NA,0.0259,0.05,0.0259
J01-9224-2,LAGUNA NIGUEL,0.019,NA,0.0259,0.05,0.0259
J01-9224-2,LAGUNA NIGUEL,NA,0.05,0.0259,0.05,0.0259
J01-9224-2,LAGUNA NIGUEL,NA,NA,0.0259,0.05,0.0259
J01-9224-2,LAGUNA NIGUEL,0.018,NA,0.0259,0.05,0.0259
J01-9224-2,LAGUNA NIGUEL,0.035,NA,0.0259,0.05,0.0259
J01-9224-2,LAGUNA NIGUEL,0.023,NA,0.0259,0.05,0.0259
J01-9224-2,LAGUNA NIGUEL,0.031,NA,0.0259,0.05,0.0259
J01-9224-2,LAGUNA NIGUEL,0.007,NA,0.0259,0.05,0.0259
J01-9224-2,LAGUNA NIGUEL,0.03,NA,0.0259,0.05,0.0259
J01-9224-2,LAGUNA NIGUEL,0.033,NA,0.0259,0.05,0.0259
J01-9224-2,LAGUNA NIGUEL,NA,NA,0.0259,0.05,0.0259
J01-9224-2,LAGUNA NIGUEL,NA,NA,0.0259,0.05,0.0259
J01-9224-2,LAGUNA NIGUEL,0.032,NA,0.0259,0.05,0.0259
J01-9224-2,LAGUNA NIGUEL,0.031,NA,0.0259,0.05,0.0259
L01-404-1,ORANGE CO,0.027,NA,0.03475,NA,0.03475
L01-404-1,ORANGE CO,0.025,NA,0.03475,NA,0.03475
L01-404-1,ORANGE CO,0.039,NA,0.03475,NA,0.03475
L01-404-1,ORANGE CO,0.048,NA,0.03475,NA,0.03475
M01-050-4 (M01@CGV),SAN CLEMENTE,0.013,NA,0.012,NA,0.012
M01-050-4 (M01@CGV),SAN CLEMENTE,0.011,NA,0.012,NA,0.012
L03-455-2,SAN JUAN CAPISTRANO,0.002,NA,0.001,NA,0.001
L03-455-2,SAN JUAN CAPISTRANO,0.001,NA,0.001,NA,0.001
L03-455-2,SAN JUAN CAPISTRANO,0.001,NA,0.001,NA,0.001
L03-418-1,LAGUNA NIGUEL,0.014,NA,0.007333333333333333,NA,0.007333333333333333
L03-418-1,LAGUNA NIGUEL,0.004,NA,0.007333333333333333,NA,0.007333333333333333
L03-418-1,LAGUNA NIGUEL,0.004,NA,0.007333333333333333,NA,0.007333333333333333
L03-693-1 (L03P11),MISSION VIEJO,0.031,NA,0.027333333333333334,NA,0.027333333333333334
L03-693-1 (L03P11),MISSION VIEJO,0.011,NA,0.027333333333333334,NA,0.027333333333333334
L03-693-1 (L03P11),MISSION VIEJO,0.011,NA,0.027333333333333334,NA,0.027333333333333334
L03-693-1 (L03P11),MISSION VIEJO,0.032,NA,0.027333333333333334,NA,0.027333333333333334
L03-693-1 (L03P11),MISSION VIEJO,0.041,NA,0.027333333333333334,NA,0.027333333333333334
L03-693-1 (L03P11),MISSION VIEJO,0.038,NA,0.027333333333333334,NA,0.027333333333333334
NARCO_LAPAZ,LAGUNA NIGUEL,NA,NA,0.1435,0,0.1435
NARCO_LAPAZ,LAGUNA NIGUEL,NA,0,0.1435,0,0.1435
NARCO_LAPAZ,LAGUNA NIGUEL,0,NA,0.1435,0,0.1435
NARCO_LAPAZ,LAGUNA NIGUEL,0,NA,0.1435,0,0.1435
NARCO_LAPAZ,LAGUNA NIGUEL,0,NA,0.1435,0,0.1435
NARCO_LAPAZ,LAGUNA NIGUEL,0,NA,0.1435,0,0.1435
NARCO_LAPAZ,LAGUNA NIGUEL,0,NA,0.1435,0,0.1435
NARCO_LAPAZ,LAGUNA NIGUEL,0.861,NA,0.1435,0,0.1435
L03-241-4,MISSION VIEJO,0.008,NA,0.007333333333333333,NA,0.007333333333333333
L03-241-4,MISSION VIEJO,0,NA,0.007333333333333333,NA,0.007333333333333333
L03-241-4,MISSION VIEJO,0.014,NA,0.007333333333333333,NA,0.007333333333333333
I01-11010-1,LAGUNA BEACH,0.014,NA,0.0525,NA,0.0525
I01-11010-1,LAGUNA BEACH,0.091,NA,0.0525,NA,0.0525
L01-223-1 (L08TBN1),RANCHO SANTA MARGARITA,0,NA,0.011666666666666667,NA,0.011666666666666667
L01-223-1 (L08TBN1),RANCHO SANTA MARGARITA,0.035,NA,0.011666666666666667,NA,0.011666666666666667
L01-223-1 (L08TBN1),RANCHO SANTA MARGARITA,0,NA,0.011666666666666667,NA,0.011666666666666667
L01-766-2 (L01S06),SAN JUAN CAPISTRANO,0.016,NA,0.015,NA,0.015
L01-766-2 (L01S06),SAN JUAN CAPISTRANO,0.014,NA,0.015,NA,0.015
SC11-026-1 (M00P01),DANA POINT,0.008,NA,0.008,NA,0.008
M01-060-3,DANA POINT,NA,NA,0.4,NA,0.4
M01-060-3,DANA POINT,0.4,NA,0.4,NA,0.4
M01-060-3,DANA POINT,NA,NA,0.4,NA,0.4
M01-060-3,DANA POINT,NA,NA,0.4,NA,0.4
M02-085-2,SAN CLEMENTE,0.027,NA,0.0295,NA,0.0295
M02-085-2,SAN CLEMENTE,0.032,NA,0.0295,NA,0.0295
M02-085-2,SAN CLEMENTE,NA,NA,0.0295,NA,0.0295
K01-12032-2 (K01P11),LAGUNA NIGUEL,0.047,NA,0.04,NA,0.04
K01-12032-2 (K01P11),LAGUNA NIGUEL,0.033,NA,0.04,NA,0.04
NA,LAGUNA NIGUEL,NA,0.3,NA,0.3,0.3
NA,LAGUNA NIGUEL,NA,NA,NA,0.3,0.3
J03-9221-1 (J03P02),LAGUNA NIGUEL,0.049,NA,0.0703,NA,0.0703
J03-9221-1 (J03P02),LAGUNA NIGUEL,0.025,NA,0.0703,NA,0.0703
J03-9221-1 (J03P02),LAGUNA NIGUEL,0.03,NA,0.0703,NA,0.0703
J03-9221-1 (J03P02),LAGUNA NIGUEL,0.141,NA,0.0703,NA,0.0703
J03-9221-1 (J03P02),LAGUNA NIGUEL,0.067,NA,0.0703,NA,0.0703
J03-9221-1 (J03P02),LAGUNA NIGUEL,0.067,NA,0.0703,NA,0.0703
J03-9221-1 (J03P02),LAGUNA NIGUEL,0.069,NA,0.0703,NA,0.0703
J03-9221-1 (J03P02),LAGUNA NIGUEL,0.062,NA,0.0703,NA,0.0703
J03-9221-1 (J03P02),LAGUNA NIGUEL,0.006,NA,0.0703,NA,0.0703
J03-9221-1 (J03P02),LAGUNA NIGUEL,0.187,NA,0.0703,NA,0.0703
L03-662-3 (L03P16),MISSION VIEJO,NA,NA,0.046,NA,0.046
L03-662-3 (L03P16),MISSION VIEJO,0.028,NA,0.046,NA,0.046
L03-662-3 (L03P16),MISSION VIEJO,0.064,NA,0.046,NA,0.046
L03-662-3 (L03P16),MISSION VIEJO,0.046,NA,0.046,NA,0.046
J01-9082-3,ALISO VIEJO,NA,NA,0,NA,0
J01-9082-3,ALISO VIEJO,NA,NA,0,NA,0
J01-9082-3,ALISO VIEJO,NA,NA,0,NA,0
J01-9082-3,ALISO VIEJO,0,NA,0,NA,0
J01-9082-3,ALISO VIEJO,0,NA,0,NA,0
J01-9082-3,ALISO VIEJO,0,NA,0,NA,0
J01-9082-3,ALISO VIEJO,0,NA,0,NA,0
J01-9082-3,ALISO VIEJO,NA,NA,0,NA,0
J07-9110-2,MISSION VIEJO,0.001,NA,8.888888888888889e-4,NA,8.888888888888889e-4
J07-9110-2,MISSION VIEJO,0.002,NA,8.888888888888889e-4,NA,8.888888888888889e-4
J07-9110-2,MISSION VIEJO,0,NA,8.888888888888889e-4,NA,8.888888888888889e-4
J07-9110-2,MISSION VIEJO,NA,NA,8.888888888888889e-4,NA,8.888888888888889e-4
J07-9110-2,MISSION VIEJO,0,NA,8.888888888888889e-4,NA,8.888888888888889e-4
J07-9110-2,MISSION VIEJO,0,NA,8.888888888888889e-4,NA,8.888888888888889e-4
J07-9110-2,MISSION VIEJO,NA,NA,8.888888888888889e-4,NA,8.888888888888889e-4
J07-9110-2,MISSION VIEJO,NA,NA,8.888888888888889e-4,NA,8.888888888888889e-4
J07-9110-2,MISSION VIEJO,0.001,NA,8.888888888888889e-4,NA,8.888888888888889e-4
J07-9110-2,MISSION VIEJO,0.004,NA,8.888888888888889e-4,NA,8.888888888888889e-4
J07-9110-2,MISSION VIEJO,0,NA,8.888888888888889e-4,NA,8.888888888888889e-4
J07-9110-2,MISSION VIEJO,0,NA,8.888888888888889e-4,NA,8.888888888888889e-4
J07-9110-2,MISSION VIEJO,NA,NA,8.888888888888889e-4,NA,8.888888888888889e-4
M01-124-2,SAN CLEMENTE,0.004,NA,0.0033333333333333335,NA,0.0033333333333333335
M01-124-2,SAN CLEMENTE,0.004,NA,0.0033333333333333335,NA,0.0033333333333333335
M01-124-2,SAN CLEMENTE,0.002,NA,0.0033333333333333335,NA,0.0033333333333333335
L01-125-2,RANCHO SANTA MARGARITA,0.001,NA,0.001,NA,0.001
L01-517-6,ORANGE CO,0.007,NA,0.007,NA,0.007
K01-12155-5,LAGUNA NIGUEL,0.015,NA,0.015,NA,0.015
L01-303-5,ORANGE CO,0.006,NA,0.006,NA,0.006
J01-10017-1 (J01TBN4),ALISO VIEJO,0.001,NA,0.0021111111111111113,NA,0.0021111111111111113
J01-10017-1 (J01TBN4),ALISO VIEJO,0.002,NA,0.0021111111111111113,NA,0.0021111111111111113
J01-10017-1 (J01TBN4),ALISO VIEJO,0.004,NA,0.0021111111111111113,NA,0.0021111111111111113
J01-10017-1 (J01TBN4),ALISO VIEJO,0.001,NA,0.0021111111111111113,NA,0.0021111111111111113
J01-10017-1 (J01TBN4),ALISO VIEJO,0.003,NA,0.0021111111111111113,NA,0.0021111111111111113
J01-10017-1 (J01TBN4),ALISO VIEJO,0.002,NA,0.0021111111111111113,NA,0.0021111111111111113
J01-10017-1 (J01TBN4),ALISO VIEJO,0.002,NA,0.0021111111111111113,NA,0.0021111111111111113
J01-10017-1 (J01TBN4),ALISO VIEJO,0.002,NA,0.0021111111111111113,NA,0.0021111111111111113
J01-10017-1 (J01TBN4),ALISO VIEJO,0.002,NA,0.0021111111111111113,NA,0.0021111111111111113
J01-10017-1 (J01TBN4),ALISO VIEJO,NA,NA,0.0021111111111111113,NA,0.0021111111111111113
J01-10017-1 (J01TBN4),ALISO VIEJO,NA,NA,0.0021111111111111113,NA,0.0021111111111111113
J03-9216-1,LAGUNA NIGUEL,0.002,NA,0.0444,NA,0.0444
J03-9216-1,LAGUNA NIGUEL,0.001,NA,0.0444,NA,0.0444
J03-9216-1,LAGUNA NIGUEL,0.003,NA,0.0444,NA,0.0444
J03-9216-1,LAGUNA NIGUEL,0.005,NA,0.0444,NA,0.0444
J03-9216-1,LAGUNA NIGUEL,0.211,NA,0.0444,NA,0.0444
L01-766-4,SAN JUAN CAPISTRANO,NA,NA,NA,NA,NA
J06-10011-1 (J06P01),ALISO VIEJO,NA,NA,0.0042,0.37,0.0042
J06-10011-1 (J06P01),ALISO VIEJO,NA,NA,0.0042,0.37,0.0042
J06-10011-1 (J06P01),ALISO VIEJO,NA,0.58,0.0042,0.37,0.0042
J06-10011-1 (J06P01),ALISO VIEJO,0,NA,0.0042,0.37,0.0042
J06-10011-1 (J06P01),ALISO VIEJO,0,NA,0.0042,0.37,0.0042
J06-10011-1 (J06P01),ALISO VIEJO,0,NA,0.0042,0.37,0.0042
J06-10011-1 (J06P01),ALISO VIEJO,0.018,NA,0.0042,0.37,0.0042
J06-10011-1 (J06P01),ALISO VIEJO,0.003,NA,0.0042,0.37,0.0042
J06-10011-1 (J06P01),ALISO VIEJO,NA,0.16,0.0042,0.37,0.0042
J01-9007-1 (J02P05),ALISO VIEJO,0.029,NA,0.026,NA,0.026
J01-9007-1 (J02P05),ALISO VIEJO,0.025,NA,0.026,NA,0.026
J01-9007-1 (J02P05),ALISO VIEJO,0.022,NA,0.026,NA,0.026
J01-9007-1 (J02P05),ALISO VIEJO,0.053,NA,0.026,NA,0.026
J01-9007-1 (J02P05),ALISO VIEJO,0.003,NA,0.026,NA,0.026
J01-9007-1 (J02P05),ALISO VIEJO,0.007,NA,0.026,NA,0.026
J01-9007-1 (J02P05),ALISO VIEJO,0.039,NA,0.026,NA,0.026
J01-9007-1 (J02P05),ALISO VIEJO,NA,NA,0.026,NA,0.026
J01-9007-1 (J02P05),ALISO VIEJO,0.056,NA,0.026,NA,0.026
J01-9007-1 (J02P05),ALISO VIEJO,0.024,NA,0.026,NA,0.026
J01-9007-1 (J02P05),ALISO VIEJO,0.027,NA,0.026,NA,0.026
J01-9007-1 (J02P05),ALISO VIEJO,0.008,NA,0.026,NA,0.026
J01-9007-1 (J02P05),ALISO VIEJO,0.019,NA,0.026,NA,0.026
M00.1-071-3 (M00S04),SAN CLEMENTE,0.008,NA,0.008,NA,0.008
J01-9082-2,ALISO VIEJO,NA,NA,0.022,NA,0.022
J01-9082-2,ALISO VIEJO,0.013,NA,0.022,NA,0.022
J01-9082-2,ALISO VIEJO,0.032,NA,0.022,NA,0.022
J01-9082-2,ALISO VIEJO,NA,NA,0.022,NA,0.022
J01-9082-2,ALISO VIEJO,0.017,NA,0.022,NA,0.022
J01-9082-2,ALISO VIEJO,0.022,NA,0.022,NA,0.022
J01-9082-2,ALISO VIEJO,0.031,NA,0.022,NA,0.022
J01-9082-2,ALISO VIEJO,0.039,NA,0.022,NA,0.022
J01-9082-2,ALISO VIEJO,0.011,NA,0.022,NA,0.022
J01-9082-2,ALISO VIEJO,0.011,NA,0.022,NA,0.022
J01-9082-2,ALISO VIEJO,NA,NA,0.022,NA,0.022
J01-9082-2,ALISO VIEJO,NA,NA,0.022,NA,0.022
K01-12036-10,LAGUNA NIGUEL,0.001,NA,0.001,NA,0.001
K01-12036-10,LAGUNA NIGUEL,0.001,NA,0.001,NA,0.001
L01-514-1,ORANGE CO,0.003,NA,0.003,NA,0.003
J01-9066-1 (J01P04),LAKE FOREST,0.001,NA,0.0017142857142857144,NA,0.0017142857142857144
J01-9066-1 (J01P04),LAKE FOREST,0.005,NA,0.0017142857142857144,NA,0.0017142857142857144
J01-9066-1 (J01P04),LAKE FOREST,0.001,NA,0.0017142857142857144,NA,0.0017142857142857144
J01-9066-1 (J01P04),LAKE FOREST,0,NA,0.0017142857142857144,NA,0.0017142857142857144
J01-9066-1 (J01P04),LAKE FOREST,0.007,NA,0.0017142857142857144,NA,0.0017142857142857144
J01-9066-1 (J01P04),LAKE FOREST,0.004,NA,0.0017142857142857144,NA,0.0017142857142857144
J01-9066-1 (J01P04),LAKE FOREST,0.002,NA,0.0017142857142857144,NA,0.0017142857142857144
J01-9066-1 (J01P04),LAKE FOREST,0,NA,0.0017142857142857144,NA,0.0017142857142857144
J01-9066-1 (J01P04),LAKE FOREST,0,NA,0.0017142857142857144,NA,0.0017142857142857144
J01-9066-1 (J01P04),LAKE FOREST,0.001,NA,0.0017142857142857144,NA,0.0017142857142857144
J01-9066-1 (J01P04),LAKE FOREST,0,NA,0.0017142857142857144,NA,0.0017142857142857144
J01-9066-1 (J01P04),LAKE FOREST,0.001,NA,0.0017142857142857144,NA,0.0017142857142857144
J01-9066-1 (J01P04),LAKE FOREST,0,NA,0.0017142857142857144,NA,0.0017142857142857144
J01-9066-1 (J01P04),LAKE FOREST,0.002,NA,0.0017142857142857144,NA,0.0017142857142857144
L02-396-1,ORANGE CO,0.005,NA,0.005,NA,0.005
L02-396-1,ORANGE CO,0.005,NA,0.005,NA,0.005
J01-9033-1,LAKE FOREST,0.013,NA,0.0075,NA,0.0075
J01-9033-1,LAKE FOREST,0.002,NA,0.0075,NA,0.0075
L02-166-1 (L02PXX),RANCHO SANTA MARGARITA,0.003,NA,0.006500000000000001,NA,0.006500000000000001
L02-166-1 (L02PXX),RANCHO SANTA MARGARITA,0.01,NA,0.006500000000000001,NA,0.006500000000000001
L03-708-1,LAGUNA NIGUEL,0.049,NA,0.01925,NA,0.01925
L03-708-1,LAGUNA NIGUEL,0.007,NA,0.01925,NA,0.01925
L03-708-1,LAGUNA NIGUEL,0.003,NA,0.01925,NA,0.01925
L03-708-1,LAGUNA NIGUEL,0.018,NA,0.01925,NA,0.01925
J01-9046-1,LAKE FOREST,NA,NA,1.4285714285714287e-4,NA,1.4285714285714287e-4
J01-9046-1,LAKE FOREST,NA,NA,1.4285714285714287e-4,NA,1.4285714285714287e-4
J01-9046-1,LAKE FOREST,0,NA,1.4285714285714287e-4,NA,1.4285714285714287e-4
J01-9046-1,LAKE FOREST,0,NA,1.4285714285714287e-4,NA,1.4285714285714287e-4
J01-9046-1,LAKE FOREST,0,NA,1.4285714285714287e-4,NA,1.4285714285714287e-4
J01-9046-1,LAKE FOREST,0.001,NA,1.4285714285714287e-4,NA,1.4285714285714287e-4
J01-9046-1,LAKE FOREST,0,NA,1.4285714285714287e-4,NA,1.4285714285714287e-4
J01-9046-1,LAKE FOREST,0,NA,1.4285714285714287e-4,NA,1.4285714285714287e-4
J01-9046-1,LAKE FOREST,0,NA,1.4285714285714287e-4,NA,1.4285714285714287e-4
J01-9046-1,LAKE FOREST,NA,NA,1.4285714285714287e-4,NA,1.4285714285714287e-4
J01-9273-1,LAGUNA WOODS,NA,NA,5.714285714285715e-4,NA,5.714285714285715e-4
J01-9273-1,LAGUNA WOODS,NA,NA,5.714285714285715e-4,NA,5.714285714285715e-4
J01-9273-1,LAGUNA WOODS,NA,NA,5.714285714285715e-4,NA,5.714285714285715e-4
J01-9273-1,LAGUNA WOODS,NA,NA,5.714285714285715e-4,NA,5.714285714285715e-4
J01-9273-1,LAGUNA WOODS,0,NA,5.714285714285715e-4,NA,5.714285714285715e-4
J01-9273-1,LAGUNA WOODS,0,NA,5.714285714285715e-4,NA,5.714285714285715e-4
J01-9273-1,LAGUNA WOODS,NA,NA,5.714285714285715e-4,NA,5.714285714285715e-4
J01-9273-1,LAGUNA WOODS,0,NA,5.714285714285715e-4,NA,5.714285714285715e-4
J01-9273-1,LAGUNA WOODS,0,NA,5.714285714285715e-4,NA,5.714285714285715e-4
J01-9273-1,LAGUNA WOODS,0,NA,5.714285714285715e-4,NA,5.714285714285715e-4
J01-9273-1,LAGUNA WOODS,0.004,NA,5.714285714285715e-4,NA,5.714285714285715e-4
J01-9273-1,LAGUNA WOODS,0,NA,5.714285714285715e-4,NA,5.714285714285715e-4
J01-9273-1,LAGUNA WOODS,NA,NA,5.714285714285715e-4,NA,5.714285714285715e-4
J01-9273-1,LAGUNA WOODS,NA,NA,5.714285714285715e-4,NA,5.714285714285715e-4
J07-9110-3,MISSION VIEJO,NA,NA,8.75e-4,NA,8.75e-4
J07-9110-3,MISSION VIEJO,NA,NA,8.75e-4,NA,8.75e-4
J07-9110-3,MISSION VIEJO,0.002,NA,8.75e-4,NA,8.75e-4
J07-9110-3,MISSION VIEJO,NA,NA,8.75e-4,NA,8.75e-4
J07-9110-3,MISSION VIEJO,0,NA,8.75e-4,NA,8.75e-4
J07-9110-3,MISSION VIEJO,0.002,NA,8.75e-4,NA,8.75e-4
J07-9110-3,MISSION VIEJO,0.001,NA,8.75e-4,NA,8.75e-4
J07-9110-3,MISSION VIEJO,0,NA,8.75e-4,NA,8.75e-4
J07-9110-3,MISSION VIEJO,NA,NA,8.75e-4,NA,8.75e-4
J07-9110-3,MISSION VIEJO,0.001,NA,8.75e-4,NA,8.75e-4
J07-9110-3,MISSION VIEJO,0.001,NA,8.75e-4,NA,8.75e-4
J07-9110-3,MISSION VIEJO,0,NA,8.75e-4,NA,8.75e-4
L04-136-1 (L04P07),MISSION VIEJO,0.106,NA,0.106,NA,0.106
