FACILITYID,JURISDICTI2,Acres,AREA,PERCENTAGE
DP02-12131-1,LAGUNA BEACH,10.34018744,10.32819284,100
DP04-12015-1,LAGUNA BEACH,118.0997707,117.9627752,65.93698008
DP04-12015-1,LAGUNA NIGUEL,60.7117124,60.71069578,33.93511159
DP04-12015-1,ORANGE CO,0.22883035,0.22882955,0.127907549
DP05-12190-1,DANA POINT,50.98801866,50.98384767,100
DP06-12106-1,DANA POINT,66.55078859,66.54534452,100
I00-11437-1,LAGUNA BEACH,584.5185296,583.8404889,96.47184583
I00-11437-1,ORANGE CO,21.35220326,21.35212857,3.528154171
I00-11453-1,LAGUNA BEACH,342.487129,342.0898444,100
I00-11468-1,LAGUNA BEACH,205.1889505,204.9509316,91.76756832
I00-11468-1,ORANGE CO,18.38613081,18.3860665,8.232432026
I00-11518-1,LAGUNA BEACH,624.5335654,623.8091072,96.69041979
I00-11518-1,ORANGE CO,21.35220326,21.35212857,3.309580209
I01-11010-1,LAGUNA BEACH,12.16319583,12.14908654,100
I01-11010-2,LAGUNA BEACH,21.94677037,21.92131215,99.97705013
I01-11010-2,ORANGE CO,0.005211875,0.005031723,0.022948298
I01-11015-1,LAGUNA BEACH,2.534402341,2.531462438,100.0000115
I01-11015-2,LAGUNA BEACH,24.11137886,24.08340969,9.814813201
I01-11015-2,ORANGE CO,229.2178401,221.2947674,90.18518695
I01-11021-1,LAGUNA BEACH,15.04177941,15.02433096,100
I01-11023-1,LAGUNA BEACH,1.417887999,1.41624325,33.40107474
I01-11023-1,ORANGE CO,2.924972976,2.823869268,66.59891828
I01-11023-2,LAGUNA BEACH,16.83509957,16.81557088,100
I01-11023-3,LAGUNA BEACH,0.732428491,0.731578875,2.021964214
I01-11023-3,ORANGE CO,36.71924031,35.45001446,97.97803498
I01-11023-4,LAGUNA BEACH,6.447827182,6.44034771,99.99999471
I01-11023-5,LAGUNA BEACH,1.053108911,1.051887306,8.451122386
I01-11023-5,ORANGE CO,11.80280145,11.39482948,91.54887409
I01-11023-6,LAGUNA BEACH,2.133468536,2.130993715,5.386925399
I01-11023-6,ORANGE CO,38.76766463,37.42763358,94.61307583
I01-11059-1,LAGUNA BEACH,282.771915,282.4438999,99.99999976
I01-11059-2,LAGUNA BEACH,9.298575541,9.287789205,100
I01-11077-1,LAGUNA BEACH,109.1753484,109.0487051,92.37171423
I01-11077-1,ORANGE CO,9.327939735,9.005513067,7.628285715
I01-11093-1,LAGUNA BEACH,13.25437584,13.23900078,15.10734659
I01-11093-1,ORANGE CO,77.05740772,74.3938653,84.89265355
I01-11093-2,LAGUNA BEACH,3.180440929,3.176751622,1.070402039
I01-11093-2,ORANGE CO,304.1164046,293.6044114,98.92959796
I01-11216-1,ALISO VIEJO,203.5235098,197.8417541,85.52948144
I01-11216-1,LAGUNA WOODS,68.62496037,29.5633434,12.7806056
I01-11216-3,ALISO VIEJO,1.380449649,1.341911705,27.53095221
I01-11216-3,LAGUNA WOODS,8.199428271,3.532279107,72.46900588
I01-11216-4,ALISO VIEJO,68.46768322,66.55627434,100
I01-11217-1,ALISO VIEJO,36.68870361,35.66446691,100
I01-11343-1,LAGUNA WOODS,77.39360002,33.34083637,100
I01-11343-2,LAGUNA WOODS,107.3524162,46.24696799,98.79491313
I01-11487-1,ALISO VIEJO,543.7338457,528.5544551,9.42798961
I01-11487-1,IRVINE,12281.72099,27.31992357,0.487313943
I01-11487-1,LAGUNA BEACH,1611.895459,1610.025662,28.71852666
I01-11487-1,LAGUNA WOODS,534.7197383,230.3550073,4.108913651
I01-11487-1,NEWPORT BEACH,891.2760213,5.779558064,0.103091768
I01-11487-1,ORANGE CO,3280.467663,3169.981671,56.5439454
I01-11487-2,LAGUNA BEACH,134.8813118,134.7248497,100.0000001
I01-11502-1,LAGUNA BEACH,24.53821534,24.50975105,94.54079859
I01-11502-1,LAGUNA WOODS,3.28531571,1.415300148,5.45919891
I01-11502-2,ALISO VIEJO,0.005797298,0.005635455,0.048588247
I01-11502-2,LAGUNA BEACH,0.106832376,0.10670845,0.92002798
I01-11502-2,LAGUNA WOODS,26.66239759,11.4860484,99.03138771
I01-11503-1,ALISO VIEJO,1.077998896,1.047904455,44.89420078
I01-11503-1,LAGUNA BEACH,1.287753839,1.286260047,55.10580333
I01-11503-2,ALISO VIEJO,0.754631294,0.73356429,100
I01-11503-3,ALISO VIEJO,93.59328718,90.98044807,100
J01-10004-1,LAKE FOREST,1506.373175,466.5905351,97.22901103
J01-10004-2,LAKE FOREST,37.97389578,11.76219854,100
J01-10006-1,LAKE FOREST,74.91051418,23.2031063,100
J01-10012-3,MISSION VIEJO,5.986544433,5.986516204,19.22071006
J01-10012-3,ORANGE CO,32.12662443,18.90289392,60.69089784
J01-10012-3,RANCHO SANTA MARGARITA,6.25676584,6.256766146,20.08839263
J01-10017-1 (J01TBN4),ALISO VIEJO,17.92293631,17.42258259,100
J01-10018-1 (J01TBN5),ALISO VIEJO,3.327136106,3.234252614,100
J01-10019-1 (J01P33),ALISO VIEJO,75.03384406,72.93912799,100
J01-10041-2,LAGUNA HILLS,0.044153567,0.036310178,0.009690605
J01-10041-2,LAGUNA NIGUEL,374.6646232,374.6583494,99.9903098
J01-9005-1 (J03P05),LAGUNA NIGUEL,127.7926944,127.7905545,100
J01-9005-3,LAGUNA HILLS,3.399706881,2.7957869,1.384801424
J01-9005-3,LAGUNA NIGUEL,199.0983629,199.0950289,98.6151983
J01-9005-6,LAGUNA NIGUEL,5.956252008,5.95615227,100
J01-9007-1,ALISO VIEJO,147.0895875,142.9832949,98.19424307
J01-9007-1,ORANGE CO,2.629421282,2.629412085,1.805757306
J01-9008-1 (J01P30),ALISO VIEJO,217.6483557,211.5722774,100
J01-9031-1,LAKE FOREST,885.5128015,274.2825608,91.74566749
J01-9033-1,LAKE FOREST,3.650391863,1.130688146,2.750781729
J01-9033-1,ORANGE CO,67.9375126,39.97356139,97.24922177
J01-9040-1,LAKE FOREST,471.6644063,146.0953709,99.97855453
J01-9040-1,ORANGE CO,0.053260413,0.031337744,0.021445596
J01-9046-1,LAKE FOREST,212.177672,65.72082879,100
J01-9046-2,LAKE FOREST,148.7657188,46.07933644,99.38641043
J01-9046-2,MISSION VIEJO,0.284485412,0.284484071,0.613590663
J01-9046-3,LAKE FOREST,50.13144774,15.52793121,100
J01-9048-1,LAKE FOREST,96.71623825,29.95730548,100
J01-9058-1,LAKE FOREST,7.549236478,2.338333122,100
J01-9066-1,LAKE FOREST,7.543042247,2.336414493,2.845060742
J01-9066-1,MISSION VIEJO,79.7857395,79.78536327,97.15493782
J01-9066-2 (J01P03),LAKE FOREST,11.10607353,3.440043196,0.818376545
J01-9066-2 (J01P03),MISSION VIEJO,416.9116038,416.9096378,99.18162349
J01-9082-2,ALISO VIEJO,125.4804575,121.9774259,97.84740395
J01-9082-2,ORANGE CO,2.683453208,2.683443822,2.152595119
J01-9082-3,ALISO VIEJO,125.4804575,121.9774259,97.84740395
J01-9082-3,ORANGE CO,2.683453208,2.683443822,2.152595119
J01-9082-4,ALISO VIEJO,125.4804575,121.9774259,97.84740395
J01-9082-4,ORANGE CO,2.683453208,2.683443822,2.152595119
J01-9082-5 (J02P08),ALISO VIEJO,294.8761106,286.644069,99.62907554
J01-9082-5 (J02P08),ORANGE CO,1.067194713,1.06719098,0.370924301
J01-9096-1,ALISO VIEJO,0.554358421,0.538882425,2.658651444
J01-9096-1,LAGUNA HILLS,23.9920512,19.7301311,97.34134784
J01-9131-1,ALISO VIEJO,294.6109612,286.3863217,100
J01-9144-1 (J01P23),ALISO VIEJO,180.4972394,175.458307,100
J01-9144-2,ALISO VIEJO,1.817540233,1.766800054,94.70698295
J01-9144-2,LAGUNA NIGUEL,0.098745411,0.098743758,5.293028682
J01-9144-3,ALISO VIEJO,4.21291633,4.095304555,100
J01-9144-4 (J01P26),ALISO VIEJO,199.0499998,193.493131,100
J01-9224-1,ALISO VIEJO,3.749306117,3.644636926,1.638278647
J01-9224-1,LAGUNA NIGUEL,218.8264883,218.822824,98.36172091
J01-9224-2,ALISO VIEJO,3.749306117,3.644636926,1.638278647
J01-9224-2,LAGUNA NIGUEL,218.8264883,218.822824,98.36172091
J01-9259-3,LAKE FOREST,454.3888664,140.7443706,99.99231896
J01-9264-1,LAKE FOREST,2024.364351,627.0353599,92.08498047
J01-9273-1,LAGUNA HILLS,1.934269084,1.590667771,5.183103927
J01-9273-1,LAGUNA WOODS,67.54665774,29.09881518,94.81689767
J01-9275-1,LAKE FOREST,87.17708866,27.00260807,99.64416058
J01-9275-1,MISSION VIEJO,0.096430085,0.09642963,0.355841536
J01-9275-2,LAKE FOREST,131.0980254,40.60686876,95.02628824
J01-9275-2,MISSION VIEJO,2.125388846,2.125378824,4.973711762
J01-9275-3,LAKE FOREST,79.36374096,24.582468,100
J01-9313-1,ALISO VIEJO,140.2172729,136.3028343,99.21825221
J01-9313-1,ORANGE CO,1.073942056,1.073938299,0.781746628
J01-9349-1,LAKE FOREST,224.7127195,69.60348856,99.85177608
J01-9349-1,MISSION VIEJO,0.103322473,0.103321986,0.14822366
J01-9359-1 (J01P32),LAKE FOREST,13.07526387,4.049988721,100
J01-9359-2,LAKE FOREST,57.72928975,17.88131961,98.94101204
J01-9359-2,MISSION VIEJO,0.19138853,0.191387627,1.058987029
J01-9364-3,ALISO VIEJO,172.3457747,167.5344063,99.79799461
J01-9364-3,LAGUNA NIGUEL,0.338490288,0.33848462,0.20163074
J01-9364-3,ORANGE CO,0.000629123,0.00062912,0.000374759
J01-9364-4,ALISO VIEJO,43.02203244,41.82098851,98.79141639
J01-9364-4,ORANGE CO,0.511626536,0.511624746,1.208582942
J01-9377-1,LAKE FOREST,109.0691746,33.78355736,98.07444602
J01-9377-1,MISSION VIEJO,0.663295369,0.663292241,1.925552671
J01-9377-2 (J01TBN8),LAKE FOREST,214.1390631,66.32835854,67.39420978
J01-9377-2 (J01TBN8),MISSION VIEJO,32.09027528,32.09012396,32.60579025
J01-9782-1 (J01TBN3),LAKE FOREST,45.13515458,13.98035778,45.38061266
J01-9782-1 (J01TBN3),MISSION VIEJO,16.82661742,16.82653807,54.6193895
J01-9785-1,LAKE FOREST,68.62625727,21.25659341,100
J01-9992-1,ALISO VIEJO,568.0809311,552.2218442,99.70754793
J01-9992-1,ORANGE CO,1.619726429,1.619720764,0.292452005
J03-9199-1,LAGUNA HILLS,189.2164238,155.6042381,20.02561813
J03-9199-1,LAGUNA NIGUEL,616.9523625,616.9420316,79.39787299
J03-9199-1,SAN JUAN CAPISTRANO,4.479625792,4.479622586,0.576508792
J03-9215-1,LAGUNA NIGUEL,65.12940169,65.12831109,100
J03-9215-2,LAGUNA NIGUEL,4.078345105,4.078276812,100
J03-9215-3,LAGUNA NIGUEL,155.2902966,155.2876962,100
J03-9216-1 (J03P01),LAGUNA NIGUEL,13.41191678,13.41169219,100
J03-9216-2,LAGUNA NIGUEL,1121.628952,1121.61017,99.85072453
J03-9216-2,SAN JUAN CAPISTRANO,1.676792619,1.676791419,0.149275428
J03-9221-1 (J03P02),LAGUNA NIGUEL,565.719346,565.709873,100
J03-9234-1,LAGUNA NIGUEL,10.94771266,10.94752933,100
J03-9234-3,LAGUNA NIGUEL,30.28427071,30.28376359,100
J03-9234-5,LAGUNA NIGUEL,131.5020101,131.499808,100
J03-9234-6,LAGUNA NIGUEL,230.4180534,230.414195,99.27752823
J03-9234-6,SAN JUAN CAPISTRANO,1.676792619,1.676791419,0.722471579
J03-9368-1 (J03TBN1),LAGUNA NIGUEL,91.152289,91.15076265,98.70823565
J03-9368-1 (J03TBN1),SAN JUAN CAPISTRANO,1.192862982,1.192862129,1.291764465
J03-9368-2 (J03TBN2),LAGUNA NIGUEL,34.23182653,34.23125331,100
J04-9249-1,ALISO VIEJO,136.4020962,132.5941657,8.068009599
J04-9249-1,LAGUNA HILLS,1435.670475,1180.63964,71.83884675
J04-9249-1,LAGUNA NIGUEL,330.2274496,330.2219199,20.09314366
J05-9255-1 (J05P01),LAGUNA HILLS,85.17570945,70.04519538,100
J05-9271-1,LAGUNA HILLS,2.193669349,1.803988474,100
J05-9271-2,LAGUNA HILLS,4.874242679,4.008387872,100
J05-9271-3,LAGUNA HILLS,2.087138698,1.716381805,100
J05-9271-4,LAGUNA HILLS,3.225692533,2.652684259,100
J05-9271-5,LAGUNA HILLS,8.825563564,7.257800706,100.0000005
J05-9271-7,LAGUNA HILLS,10.72447678,8.819393184,100
J05-9800-1,LAGUNA HILLS,25.66557693,21.10637366,99.99999542
J05-9800-2,LAGUNA HILLS,30.97537965,25.47294919,100.0000004
J06-10011-1 (J06P01),ALISO VIEJO,143.1188236,139.1233826,14.86516439
J06-10011-1 (J06P01),LAGUNA HILLS,237.2873008,195.1358603,20.85002958
J06-10011-1 (J06P01),LAGUNA WOODS,829.0781602,357.1633736,38.1624725
J06-10011-1 (J06P01),LAKE FOREST,693.7997852,214.9005429,22.96186189
J06-9079-1 (J06P03),ALISO VIEJO,368.9742325,358.6735973,98.05519597
J06-9362-1,ALISO VIEJO,522.1362586,507.5598068,37.34878281
J06-9362-1,LAGUNA HILLS,294.9860792,242.5850948,17.85062154
J06-9362-1,LAGUNA WOODS,829.2435086,357.234605,26.28710449
J06-9362-1,LAKE FOREST,693.7997852,214.9005429,15.81345409
J07-9019-2,MISSION VIEJO,0.938432966,0.938428541,100
J07-9019-3,MISSION VIEJO,20.81821731,20.81811914,100
J07-9022-1,MISSION VIEJO,82.52428975,82.52390061,100
J07-9022-2,MISSION VIEJO,41.72524373,41.72504697,100.0000003
J07-9022-3,MISSION VIEJO,46.75895321,46.75873272,100
J07-9022-4,MISSION VIEJO,42.07579518,42.07559678,100
J07-9109-2,LAKE FOREST,12.48046884,3.865754338,1.91711778
J07-9109-2,MISSION VIEJO,197.7792499,197.7783173,98.08288254
J07-9109-3,LAKE FOREST,2.878898658,0.891722508,3.902261809
J07-9109-3,MISSION VIEJO,21.95980683,21.95970327,96.09773294
J07-9109-4 (J07P02),LAKE FOREST,16.25802004,5.035829366,1.275132081
J07-9109-4 (J07P02),MISSION VIEJO,389.8921068,389.8902683,98.72486798
J07-9110-1,LAKE FOREST,0.645792876,0.200030675,0.19588078
J07-9110-1,MISSION VIEJO,101.9190319,101.9185513,99.80411911
J07-9110-2,MISSION VIEJO,133.3916332,133.3910042,100
J07-9110-3,MISSION VIEJO,61.68033046,61.68003961,100
K01-12032-1,LAGUNA NIGUEL,2.463362289,2.46332104,100
K01-12032-2 (K01P11),LAGUNA NIGUEL,126.8494862,126.8473621,100
K01-12032-3,LAGUNA NIGUEL,18.12935121,18.12904763,100
K01-12036-1,LAGUNA NIGUEL,137.8077479,137.8054403,100
K01-12036-10,LAGUNA NIGUEL,185.3749187,185.3718146,100
K01-12036-5,LAGUNA NIGUEL,28.076756,28.07628585,100
K01-12036-8,LAGUNA NIGUEL,17.60128355,17.60098882,100
K01-12036-9,LAGUNA NIGUEL,30.9436459,30.94312774,100
K01-12046-2,DANA POINT,75.79726314,75.79106268,2.493296834
K01-12046-2,LAGUNA BEACH,0.268045272,0.26773434,0.00880765
K01-12046-2,LAGUNA NIGUEL,2947.44047,2947.391114,96.96025724
K01-12046-2,SAN JUAN CAPISTRANO,16.3431028,16.3430911,0.537638289
K01-12058-1 (K01P08),LAGUNA NIGUEL,322.1929942,322.187599,97.77433651
K01-12058-1 (K01P08),SAN JUAN CAPISTRANO,7.334047756,7.334042507,2.225663378
K01-12058-2 (K01P09),LAGUNA NIGUEL,294.0486386,294.0437147,97.02723437
K01-12058-2 (K01P09),SAN JUAN CAPISTRANO,9.00905504,9.009048593,2.9727657
K01-12062-1,LAGUNA NIGUEL,249.8365197,249.8323362,96.51947141
K01-12062-1,SAN JUAN CAPISTRANO,9.00905504,9.009048593,3.480528667
K01-12126-1 (K01S01),DANA POINT,240.5645176,240.5448387,27.17243026
K01-12126-1 (K01S01),LAGUNA NIGUEL,644.7192687,644.7084728,72.82756974
K01-12138-1 (K01TBN1),LAGUNA NIGUEL,90.8337827,90.83226167,100
K01-12155-1,LAGUNA NIGUEL,63.75921047,63.75814281,100
K01-12155-2,LAGUNA NIGUEL,13.18584755,13.18562676,100
K01-12155-5,LAGUNA NIGUEL,147.0481425,147.0456802,100
K01-12156-1,LAGUNA NIGUEL,88.38940682,88.38792673,100
K01-12156-3,LAGUNA NIGUEL,130.1230336,130.1208546,100
K01-12156-4,LAGUNA NIGUEL,1396.375493,1396.352111,98.84312687
K01-12156-4,SAN JUAN CAPISTRANO,16.3431028,16.3430911,1.156873123
K01-12177-1,LAGUNA NIGUEL,512.4400826,512.4315018,100
L00-12094-1 (L00P01),DANA POINT,130.5097173,130.4990412,100
L01-125-1,ORANGE CO,105.2704143,61.93976207,17.10683645
L01-125-1,RANCHO SANTA MARGARITA,300.1362993,300.136314,82.89316367
L01-125-2,ORANGE CO,99.98944818,58.83250935,51.93979406
L01-125-2,RANCHO SANTA MARGARITA,54.43807367,54.43807633,48.06020524
L01-125-3,ORANGE CO,1.253339917,0.737449138,1.064651459
L01-125-3,RANCHO SANTA MARGARITA,68.52926799,68.52927134,98.93535016
L01-218-1,ORANGE CO,1.797130392,1.057408482,1.588868781
L01-218-1,RANCHO SANTA MARGARITA,65.49361383,65.49361704,98.41112993
L01-218-2,RANCHO SANTA MARGARITA,32.56315006,32.56315165,100
L01-218-3,RANCHO SANTA MARGARITA,58.59511326,58.59511613,100
L01-218-4,RANCHO SANTA MARGARITA,37.33154539,37.33154721,100
L01-223-1 (L08TBN1),ORANGE CO,9.96903579,5.865652846,4.285274231
L01-223-1 (L08TBN1),RANCHO SANTA MARGARITA,131.0136287,131.0136351,95.71472594
L01-242-1 (L07P16),ORANGE CO,333.6229668,196.2994763,99.65978637
L01-242-1 (L07P16),RANCHO SANTA MARGARITA,0.670117404,0.670117436,0.340213646
L01-261-1,ORANGE CO,253.9420698,149.4162581,99.85129002
L01-261-1,RANCHO SANTA MARGARITA,0.222527793,0.222527803,0.148709977
L01-335-1,ORANGE CO,600.1236162,353.1050416,79.80262992
L01-335-1,RANCHO SANTA MARGARITA,89.36789252,89.36789689,20.19737008
L01-340-1,ORANGE CO,284.5322921,167.4151527,98.78639742
L01-340-1,RANCHO SANTA MARGARITA,2.056714849,2.05671495,1.213602575
L01-372-1,ORANGE CO,199.8939166,117.6150177,100
L01-391-1,ORANGE CO,50.91641536,29.958566,100
L01-391-2,ORANGE CO,21.26183244,12.51018961,100
L01-391-3,ORANGE CO,145.3267646,85.50840504,100
L01-404-1,ORANGE CO,404.1397577,237.7906519,100
L01-414-1,ORANGE CO,70.31918456,41.37490663,100
L01-414-2,ORANGE CO,11.7616036,6.920376761,100
L01-414-3,ORANGE CO,147.6040899,86.84835409,100.0000001
L01-458-1,ORANGE CO,1020.511405,600.4558269,100
L01-471-1,ORANGE CO,542.723915,319.3317933,100
L01-494-1,ORANGE CO,507.6592601,298.7002,100
L01-514-1,ORANGE CO,454.4751233,267.4073357,100
L01-517-1,ORANGE CO,254.0088905,149.4555745,91.33564488
L01-517-1,SAN JUAN CAPISTRANO,14.17778477,14.17777462,8.664355227
L01-517-3,ORANGE CO,891.42923,524.5055299,86.86213464
L01-517-3,SAN JUAN CAPISTRANO,79.33132183,79.33126506,13.13786535
L01-517-6,ORANGE CO,23.5456927,13.85398371,100
L01-517-7,ORANGE CO,241.1832418,141.9091273,100
L01-551-1,ORANGE CO,55.1216653,32.43288115,18.65131823
L01-551-1,SAN JUAN CAPISTRANO,141.457777,141.4576758,81.34868176
L01-556-1,SAN JUAN CAPISTRANO,96.73695538,96.73688615,100
L01-601-1,SAN JUAN CAPISTRANO,10.80021747,10.80020974,100
L01-601-2,SAN JUAN CAPISTRANO,2.627342926,2.627341046,100
L01-602-1,ORANGE CO,3566.715939,2098.60993,74.22406893
L01-602-1,SAN JUAN CAPISTRANO,728.7887122,728.7881907,25.77593107
L01-602-2,SAN JUAN CAPISTRANO,62.42349549,62.42345082,100
L01-618-1,SAN JUAN CAPISTRANO,92.62301918,92.6229529,100
L01-618-2,SAN JUAN CAPISTRANO,399.4927326,399.4924467,100
L01-618-3,SAN JUAN CAPISTRANO,6.928013648,6.92800869,100
L01-618-4,SAN JUAN CAPISTRANO,108.6796238,108.679546,100
L01-618-5 (L01S09),SAN JUAN CAPISTRANO,393.0065817,393.0063004,100
L01-724-1 (L01S01),DANA POINT,102.8862548,102.8778384,36.30009378
L01-724-1 (L01S01),LAGUNA NIGUEL,73.06163303,73.0604096,25.77911591
L01-724-1 (L01S01),SAN JUAN CAPISTRANO,107.4711064,107.4710295,37.92078556
L01-724-2 (L01S01),SAN JUAN CAPISTRANO,16.19790134,16.19788975,99.99999984
L01-724-3,SAN JUAN CAPISTRANO,23.47319507,23.47317827,100
L01-724-4 (L01P03),LAGUNA NIGUEL,101.4524952,101.4507964,29.00896475
L01-724-4 (L01P03),SAN JUAN CAPISTRANO,248.2716046,248.2714269,70.99103534
L01-726-1,SAN JUAN CAPISTRANO,0.896533566,0.896532925,100
L01-726-2,DANA POINT,2.515105319,2.514899575,100
L01-726-3,SAN JUAN CAPISTRANO,11.88575064,11.88574213,100
L01-726-4,DANA POINT,1.164042087,1.163946865,100
L01-726-5,DANA POINT,64.59412153,64.58883753,93.73312978
L01-726-5,SAN JUAN CAPISTRANO,4.318324685,4.318321595,6.26686923
L01-726-6,DANA POINT,5.636162795,5.635701739,90.70659762
L01-726-6,SAN JUAN CAPISTRANO,0.577409883,0.57740947,9.293403178
L01-726-7,SAN JUAN CAPISTRANO,5.744177238,5.744173127,100
L01-726-8,SAN JUAN CAPISTRANO,32.32895295,32.32892981,100
L01-726-9,SAN JUAN CAPISTRANO,89.2725508,89.27248691,100
L01-727-1 (L01S04),DANA POINT,425.1448688,425.1100906,92.73717517
L01-727-1 (L01S04),LAGUNA NIGUEL,33.29357196,33.29301445,7.26282481
L01-727-2,DANA POINT,0.727297383,0.727237887,100
L01-727-3,DANA POINT,4.740610804,4.740223007,100
L01-728-1,DANA POINT,3.069597039,3.069345936,100
L01-728-2,DANA POINT,95.98093044,95.97307889,100.000001
L01-728-3 (L01S02),DANA POINT,88.47208988,88.46485258,8.724176507
L01-728-3 (L01S02),SAN CLEMENTE,2.063264316,2.063255511,0.203472958
L01-728-3 (L01S02),SAN JUAN CAPISTRANO,923.4920703,923.4914094,91.07235047
L01-728-4 (L01-DP),DANA POINT,79.22549473,79.21901383,100
L01-728-5 (L01-DP),DANA POINT,24.72576949,24.72374684,100
L01-728-6,DANA POINT,4.466273545,4.465908189,100
L01-728-7 (L01S03),DANA POINT,10.13690817,10.13607894,5.459020382
L01-728-7 (L01S03),SAN JUAN CAPISTRANO,175.5398313,175.5397057,94.5409795
L01-728-8,DANA POINT,45.14230221,45.13860943,99.85352941
L01-730-1,ORANGE CO,7.098935326,4.17692253,12.81955962
L01-730-1,RANCHO SANTA MARGARITA,28.4054943,28.40549569,87.18044032
L01-731-1,ORANGE CO,109.0067185,64.13815558,5.866443295
L01-731-1,RANCHO SANTA MARGARITA,1029.167436,1029.167486,94.13355663
L01-733-2,ORANGE CO,202.8683486,119.3651353,99.1163795
L01-733-2,RANCHO SANTA MARGARITA,1.064137696,1.064137748,0.883620502
L01-733-4,ORANGE CO,86.14627093,50.68736133,100
L01-747-1,SAN JUAN CAPISTRANO,132.6157391,132.6156442,100
L01-747-2,ORANGE CO,73.38733717,43.18016829,17.94560662
L01-747-2,SAN JUAN CAPISTRANO,197.4369061,197.4367648,82.05439338
L01-748-1,SAN JUAN CAPISTRANO,99.9181037,99.91803219,100
L01-749-1,SAN JUAN CAPISTRANO,3.572590658,3.572588102,99.99999933
L01-749-2,SAN JUAN CAPISTRANO,106.420893,106.4208168,100
L01-749-3,SAN JUAN CAPISTRANO,41.9301845,41.93015449,100
L01-759-1,ORANGE CO,33.01079189,19.42312671,100
L01-760-1,ORANGE CO,56.95310989,33.51047967,100
L01-760-2,ORANGE CO,55.36208794,32.57434275,100
L01-760-3,ORANGE CO,22.39344297,13.17601474,100
L01-766-2,SAN JUAN CAPISTRANO,245.4066175,245.4064419,99.99999998
L01-766-3,SAN JUAN CAPISTRANO,369.9807874,369.9805227,100
L01-766-4,SAN JUAN CAPISTRANO,25.87307346,25.87305495,100
L01-766-5,SAN JUAN CAPISTRANO,63.97593125,63.97588547,100
L01-766-7,SAN JUAN CAPISTRANO,56.73320033,56.73315973,100
L02-108-1,MISSION VIEJO,1.149376753,1.149371333,100
L02-166-1 (L02PXX),MISSION VIEJO,4.221264692,4.221244787,5.462000754
L02-166-1 (L02PXX),RANCHO SANTA MARGARITA,73.06260757,73.06261114,94.53799939
L02-166-2 (L02P25),MISSION VIEJO,121.8375362,121.8369617,33.47599172
L02-166-2 (L02P25),RANCHO SANTA MARGARITA,242.1162818,242.1162936,66.5240082
L02-166-3,ORANGE CO,4.721197169,2.777891884,0.561546905
L02-166-3,RANCHO SANTA MARGARITA,491.9077219,491.907746,99.43845321
L02-204-1 (L02P45),RANCHO SANTA MARGARITA,53.98212843,53.98213107,100
L02-246-1 (L11P01),RANCHO SANTA MARGARITA,228.0302932,228.0303044,100
L02-344-1,ORANGE CO,301.1810326,177.2110581,99.37899245
L02-344-1,RANCHO SANTA MARGARITA,1.107371133,1.107371188,0.621007707
L02-359-1 (L02P43),MISSION VIEJO,91.64765252,91.64722036,99.12347837
L02-359-1 (L02P43),ORANGE CO,1.377343297,0.810411137,0.876521628
L02-366-1 (L02-P14),MISSION VIEJO,198.7268356,198.7258985,99.95135595
L02-366-1 (L02-P14),ORANGE CO,0.164373876,0.096715481,0.048644105
L02-374-1 (L02P50),ORANGE CO,775.8197182,456.4823754,100
L02-374-2 (MVL02P20),MISSION VIEJO,84.33812721,84.33772952,100
L02-396-1,MISSION VIEJO,192.3372929,192.3363859,99.27784457
L02-396-1,ORANGE CO,2.377804269,1.399069546,0.722154616
L02-401-1,MISSION VIEJO,193.8621008,193.8611867,97.18078684
L02-401-1,ORANGE CO,9.558176043,5.623908238,2.819212227
L02-401-2 (COL02P55),ORANGE CO,198.6161932,116.8632216,100
L02-412-1,MISSION VIEJO,44.54747561,44.54726554,100
L02-502-1,MISSION VIEJO,7.718084185,7.718047791,2.076270077
L02-502-1,ORANGE CO,159.2281417,93.68779714,25.20341608
L02-502-1,SAN JUAN CAPISTRANO,270.3209308,270.3207373,72.7203139
L02-502-6,SAN JUAN CAPISTRANO,39.57532287,39.57529455,100
L02-541-1,SAN JUAN CAPISTRANO,1.679269035,1.679267833,100
L02-541-2,SAN JUAN CAPISTRANO,7.068091224,7.068086166,100
L02-541-3,SAN JUAN CAPISTRANO,6.30113376,6.30112925,100
L02-541-6,SAN JUAN CAPISTRANO,17.62495538,17.62494277,100
L02-541-7,SAN JUAN CAPISTRANO,24.77557829,24.77556055,100
L02-541-8,SAN JUAN CAPISTRANO,3.243005028,3.243002707,100
L02-541-9 (L02P02),SAN JUAN CAPISTRANO,222.3655102,222.3653511,100
L02-571-1,SAN JUAN CAPISTRANO,36.03370964,36.03368386,99.9999999
L02-571-2,SAN JUAN CAPISTRANO,4.524828484,4.524825246,100
L02-571-3,SAN JUAN CAPISTRANO,7.431154425,7.431149107,100
L02-571-4,SAN JUAN CAPISTRANO,3.196159513,3.196157226,100
L02-571-5 (L02TBN2),LAGUNA NIGUEL,56.98959558,56.98864128,25.81138094
L02-571-5 (L02TBN2),SAN JUAN CAPISTRANO,163.8002948,163.8001776,74.1886223
L02-622-1 (L02P28),RANCHO SANTA MARGARITA,256.9321663,256.9321789,100
L02-622-2,ORANGE CO,78.89723956,46.42212422,8.122253812
L02-622-2,RANCHO SANTA MARGARITA,525.1202484,525.1202741,91.87774622
L02-640-1 (L11P02),RANCHO SANTA MARGARITA,508.8459889,508.8460138,100
L02-641-1,ORANGE CO,9.255604021,5.44587874,0.587888306
L02-641-1,RANCHO SANTA MARGARITA,920.8998951,920.8999402,99.41211166
L02-641-2,ORANGE CO,9.255604021,5.44587874,0.587888306
L02-641-2,RANCHO SANTA MARGARITA,920.8998951,920.8999402,99.41211166
L03-073-2,MISSION VIEJO,7.7539062,7.753869636,100
L03-073-3,MISSION VIEJO,497.9262291,497.9238811,88.11464619
L03-073-3,RANCHO SANTA MARGARITA,67.16251458,67.16251787,11.88535381
L03-073-3 (With Upper Oso),MISSION VIEJO,611.957631,611.9547453,53.75324368
L03-073-3 (With Upper Oso),ORANGE CO,435.8859037,256.4696772,22.52793554
L03-073-3 (With Upper Oso),RANCHO SANTA MARGARITA,270.027316,270.0273292,23.71882062
L03-074-1 (L03B01),MISSION VIEJO,303.1112637,303.1098344,100
L03-141-1,MISSION VIEJO,94.22937239,94.22892806,58.38533876
L03-141-1,RANCHO SANTA MARGARITA,67.16248997,67.16249325,41.61466124
L03-141-1 (With Upper Oso),MISSION VIEJO,208.2607743,208.2597922,28.34404514
L03-141-1 (With Upper Oso),ORANGE CO,435.8859037,256.4696772,34.90538443
L03-141-1 (With Upper Oso),RANCHO SANTA MARGARITA,270.0272914,270.0273046,36.75057019
L03-142-1 (L03P24),ORANGE CO,433.6788916,255.1710996,99.82087577
L03-142-1 (L03P24),RANCHO SANTA MARGARITA,0.457892096,0.457892119,0.179123703
L03-172-2,MISSION VIEJO,46.50878967,46.50857036,100
L03-214-2 (L03P18),MISSION VIEJO,1416.447548,1416.440869,95.45320027
L03-214-2 (L03P18),RANCHO SANTA MARGARITA,67.47047379,67.47047709,4.546799732
L03-214-2 (With Upper Oso),MISSION VIEJO,1530.47895,1530.471733,74.39309125
L03-214-2 (With Upper Oso),ORANGE CO,435.8859037,256.4696772,12.46646488
L03-214-2 (With Upper Oso),RANCHO SANTA MARGARITA,270.3352752,270.3352885,13.14044379
L03-240-1 (L30P14),MISSION VIEJO,340.1522431,340.1506391,98.89814948
L03-240-1 (L30P14),RANCHO SANTA MARGARITA,3.789708504,3.789708689,1.101850572
L03-241-1 (L03P17),MISSION VIEJO,36.11830712,36.1181368,100
L03-241-2 (L03P17),MISSION VIEJO,36.87064218,36.87046831,100
L03-241-3 (L03P17),MISSION VIEJO,718.2839077,718.2805206,99.47516067
L03-241-3 (L03P17),RANCHO SANTA MARGARITA,3.789708504,3.789708689,0.524839349
L03-241-4 (L03P14),MISSION VIEJO,209.498391,209.4974031,100
L03-281-1,MISSION VIEJO,12.41168136,12.41162283,100
L03-281-2,MISSION VIEJO,42.43562411,42.43542401,100.0000002
L03-316-1,MISSION VIEJO,22.6516367,22.65152989,100
L03-316-2,MISSION VIEJO,143.0422567,143.0415822,100
L03-316-3,MISSION VIEJO,361.4258238,361.4241195,99.99999995
L03-316-4 (L03P12),MISSION VIEJO,44.10865386,44.10844587,100
L03-418-1,LAGUNA NIGUEL,6.774299071,6.774185634,5.475663849
L03-418-1,MISSION VIEJO,116.9407828,116.9402313,94.52433574
L03-418-3,LAGUNA NIGUEL,6.637971426,6.637860272,100
L03-418-4,LAGUNA NIGUEL,7.692853657,7.692724839,100
L03-418-8,LAGUNA NIGUEL,20.79529535,20.79494713,9.876554085
L03-418-8,MISSION VIEJO,189.7545546,189.7536598,90.12344547
L03-455-1,LAGUNA NIGUEL,1.35931174,1.359288979,1.648660099
L03-455-1,SAN JUAN CAPISTRANO,81.08887068,81.08881265,98.35133809
L03-455-2,SAN JUAN CAPISTRANO,45.63688777,45.63685511,100
L03-455-3 (L03P37),LAGUNA NIGUEL,3.030775074,3.030724323,4.200759936
L03-455-3 (L03P37),MISSION VIEJO,43.30716458,43.30696036,60.02596233
L03-455-3 (L03P37),SAN JUAN CAPISTRANO,25.80938429,25.80936582,35.77328003
L03-455-5,LAGUNA NIGUEL,21.00817798,21.0078262,88.43637715
L03-455-5,SAN JUAN CAPISTRANO,2.746910635,2.746908669,11.56362628
L03-455-6,LAGUNA NIGUEL,4.389004885,4.38893139,82.19683381
L03-455-6,MISSION VIEJO,0.948617871,0.948613397,17.76583201
L03-455-6,SAN JUAN CAPISTRANO,0.00199281,0.001992809,0.037321744
L03-455-7,LAGUNA NIGUEL,55.19767917,55.19675488,85.95696177
L03-455-7,SAN JUAN CAPISTRANO,9.017660734,9.017654281,14.04303869
L03-497-1,LAGUNA NIGUEL,32.25454786,32.25400775,70.8605139
L03-497-1,SAN JUAN CAPISTRANO,13.26360578,13.26359628,29.13948729
L03-662-1,MISSION VIEJO,86.29142751,86.2910206,100
L03-662-3,MISSION VIEJO,436.6507695,436.6487105,100
L03-691-1 (L03P09),MISSION VIEJO,503.6028829,503.6005082,99.71740555
L03-691-1 (L03P09),ORANGE CO,2.425579994,1.42718017,0.28259444
L03-693-1 (L03P11),MISSION VIEJO,279.8136716,279.8123521,100
L03-708-1,LAGUNA HILLS,0.413672574,0.340188259,0.312130536
L03-708-1,LAGUNA NIGUEL,108.650728,108.6489086,99.68786762
L03-708-11 (L03P05),LAGUNA HILLS,206.3489796,169.6933866,98.82675596
L03-708-11 (L03P05),LAGUNA NIGUEL,2.014587167,2.014553432,1.173244193
L03-708-13,MISSION VIEJO,64.06468701,64.06438492,100
L03-708-5,LAGUNA NIGUEL,22.56194151,22.5615637,78.20762138
L03-708-5,MISSION VIEJO,6.286758685,6.28672904,21.792378
L04-136-1 (L04P07),MISSION VIEJO,454.6941065,454.6919624,100
L04-232-1,MISSION VIEJO,44.10504586,44.10483789,100
L04-266-1,MISSION VIEJO,54.28052152,54.28026556,100.0000001
L04-266-2,MISSION VIEJO,14.13497789,14.13491123,100
L04-266-3,MISSION VIEJO,4.373906377,4.373885752,100
L04-266-4,MISSION VIEJO,47.13970487,47.13948258,100
L04-266-5,MISSION VIEJO,577.8558118,577.853087,100
L04-301-1 (L04P08),MISSION VIEJO,191.8371533,191.8362487,100
L04-702-1 (L04P02),LAGUNA HILLS,102.5903767,84.36634137,99.99999962
L04-702-2 (L04P02),MISSION VIEJO,56.24369297,56.24342776,100
L04-702-3,MISSION VIEJO,8.280432998,8.280393951,100.0000007
L04-702-4,LAGUNA HILLS,257.0308796,211.3722128,56.399775
L04-702-4,MISSION VIEJO,163.4034795,163.402709,43.60022493
L05-049-1,ORANGE CO,812.8558897,478.2739839,100
L05-489-1,ORANGE CO,60.72529165,35.72998305,100.0000005
L05-489-2,ORANGE CO,23.61853832,13.89684514,100
L05-489-3,ORANGE CO,3114.401851,1832.47412,100
L05-489-3d,ORANGE CO,3280.7175,1930.332115,100
L05-489-7,ORANGE CO,156.9198733,92.32964159,100
LC01-11446-1,LAGUNA BEACH,70.28585872,70.20432721,39.36702966
LC01-11446-1,ORANGE CO,103.0376227,99.4413331,55.76166121
LC02-11508-1,LAGUNA BEACH,9.912524756,9.90102624,86.8794884
LC02-11508-1,ORANGE CO,1.548784978,1.495250158,13.12051555
LC02-11508-3,LAGUNA BEACH,45.48455664,45.43179461,14.21275699
LC02-11508-3,ORANGE CO,284.0413333,274.2232488,85.78724286
LC03-11455-1,LAGUNA BEACH,47.5713226,47.51613993,100
LC05-11017-1,LAGUNA BEACH,63.95740001,63.88320951,100
LC06-11019-1,LAGUNA BEACH,54.5684863,54.50518693,89.62558449
LC06-11019-1,ORANGE CO,6.130041249,5.918152147,9.731511351
LC06-11019-2,LAGUNA BEACH,5.05730658,5.05144011,100
LC06-11509-1,LAGUNA BEACH,22.6781463,22.65183968,100
LC06-11509-2,LAGUNA BEACH,32.91024355,32.87206771,63.38208068
LC06-11509-2,ORANGE CO,19.67122819,18.99127863,36.61792026
M00.1-070-1,SAN CLEMENTE,25.42707153,25.42696302,100
M00.1-070-2,SAN CLEMENTE,192.8620509,192.8612279,100.0000002
M00.1-070-3,SAN CLEMENTE,49.75331556,49.75310324,100.0000009
M00.1-070-4,SAN CLEMENTE,137.0924508,137.0918657,100
M00.1-071-1 (M00S04),SAN CLEMENTE,419.9925,419.9907077,100
M00.1-071-2 (M00S04),SAN CLEMENTE,416.8617567,416.8599777,100.0000001
M00.1-071-3 (M00S04),SAN CLEMENTE,101.013121,101.01269,100.0000016
M00.1-071-4 (M00S04),SAN CLEMENTE,2.820136197,2.820124162,100
M00.2-066-1 (M00S07),SAN CLEMENTE,136.3225827,136.3220009,99.98882995
M00.3-169-2,DANA POINT,32.34448435,32.34183847,75.92946561
M00.3-169-2,SAN CLEMENTE,10.25278745,10.2527437,24.07053485
M01-042-1 (M01S01),SAN CLEMENTE,195.6526345,195.6517995,100
M01-047-1,SAN CLEMENTE,719.3850246,719.3819547,100
M01-050-1,DANA POINT,8.084794113,8.084132751,99.78887696
M01-050-2,DANA POINT,1.406269978,1.40615494,99.99923003
M01-050-4 (M01@CGV),SAN CLEMENTE,105.088838,105.0883895,100
M01-060-3,DANA POINT,2.705065989,2.704844705,0.059502384
M01-060-3,ORANGE CO,1072.950417,631.310269,13.88784564
M01-060-3,SAN CLEMENTE,3125.273348,3125.260011,68.75086744
M01-060-3,SAN JUAN CAPISTRANO,786.500821,786.5002582,17.30178443
M01-086-2,ORANGE CO,0.022314336,0.013129469,0.043539056
M01-086-2,SAN CLEMENTE,30.14261222,30.14248359,99.95646066
M01-088-1,SAN CLEMENTE,216.9874931,216.9865671,71.36778392
M01-088-1,SAN JUAN CAPISTRANO,87.05343514,87.05337284,28.6322162
M01-168-1 (M00P03),DANA POINT,3.269763254,3.269495776,99.99998772
M01-168-2 (M00P03),DANA POINT,12.68995666,12.68891858,47.126841
M01-168-2 (M00P03),SAN CLEMENTE,14.23617868,14.23611792,52.87316343
M02-013-1,SAN CLEMENTE,43.17884829,43.17866403,100
M02-015-1,SAN CLEMENTE,65.88832127,65.8880401,100
M02-028-2 (M02P08),ORANGE CO,0.438767827,0.258165364,0.116727935
M02-028-2 (M02P08),SAN CLEMENTE,220.9112275,220.9102848,99.88327205
M02-032-1,SAN CLEMENTE,130.8762793,130.8757208,100
M02-052-2,ORANGE CO,314.9500582,185.3125762,5.965513916
M02-052-2,SAN CLEMENTE,2921.097408,2921.084943,94.0344861
M02-052-3,SAN CLEMENTE,178.5055261,178.5047643,100
M02-052-4,SAN CLEMENTE,118.7189668,118.7184602,100
M02-056-1,ORANGE CO,314.9500582,185.3125762,4.455645072
M02-056-1,SAN CLEMENTE,3973.755951,3973.738993,95.54435494
M02-061-4 (SCBS@M02),SAN CLEMENTE,90.38210489,90.38171919,100
M02-061-5,SAN CLEMENTE,3.750511178,3.750495173,100
M02-061-6,SAN CLEMENTE,40.96354312,40.96336831,100
M02-085-1 (M02P06),ORANGE CO,0.438767827,0.258165364,0.069288022
M02-085-1 (M02P06),SAN CLEMENTE,372.3408162,372.3392272,99.93071197
M02-085-2,SAN CLEMENTE,199.8691752,199.8683222,100
M02-086-1,SAN CLEMENTE,50.74859289,50.74837632,100
M02-102-1,ORANGE CO,314.9500582,185.3125762,3.840670819
M02-102-1,SAN CLEMENTE,4639.712672,4639.692872,96.15932919
SC01-077-1,SAN CLEMENTE,48.74975391,48.74954587,100
SC02-072-1,SAN CLEMENTE,4.794938447,4.794917985,100
SC03-067-1,SAN CLEMENTE,174.6365117,174.6357665,99.95606465
SC03-067-2,SAN CLEMENTE,128.1182783,128.1177316,99.9401218
SC04-090-1,SAN CLEMENTE,287.4870914,287.4858645,99.9999998
SC05-073-1,SAN CLEMENTE,124.4371389,124.4366079,100.0000016
SC05-073-2,SAN CLEMENTE,38.01321323,38.01305101,100.0000052
SC05-073-3,SAN CLEMENTE,30.16711605,30.16698731,100
SC06-146-1 (M00P02),SAN CLEMENTE,26.41312865,26.41301593,100.0000005
SC06-146-2 (M00P02),SAN CLEMENTE,325.8031401,325.8017498,99.99837363
SC07-079-1,SAN CLEMENTE,33.29806245,33.29792035,99.99999973
SC07-079-2,SAN CLEMENTE,0.838546806,0.838543228,100
SC07-079-3,SAN CLEMENTE,1.840045242,1.840037389,100.000017
SC07-079-4,SAN CLEMENTE,1.06690603,1.066901477,100
SC07-079-5,SAN CLEMENTE,29.94620981,29.94608202,100
SC10-075-1 (M00P05),DANA POINT,74.77636039,74.77024345,89.808013
SC10-075-1 (M00P05),SAN CLEMENTE,8.485440428,8.485404217,10.19198624
SC11-026-1 (M00P01),DANA POINT,204.8068744,204.7901206,67.05890861
SC11-026-1 (M00P01),SAN CLEMENTE,95.73170078,95.73129226,31.34739098
SC11-026-1 (M00P01),SAN JUAN CAPISTRANO,4.866979191,4.866975708,1.593700313
SC11-035-1,DANA POINT,10.68790264,10.68702834,100
SC11-035-2,DANA POINT,13.0020544,13.00099079,100
SC11-035-3,DANA POINT,73.5965136,73.59049317,99.99999986
SC11-035-4,DANA POINT,5.812412746,5.811937272,100
SC11-130-1,DANA POINT,25.70577462,25.7036718,99.99999993
SC12-068-1,SAN CLEMENTE,9.952657874,9.952615402,99.95388473
SC12-068-2,SAN CLEMENTE,81.31517525,81.31482824,100
SC12-068-3,SAN CLEMENTE,4.861857916,4.861837169,100
SC12-068-4,SAN CLEMENTE,16.1296287,16.12955987,99.98312968
SM01-086-1 (M03P01),ORANGE CO,0.66942196,0.393879298,0.179452607
SM01-086-1 (M03P01),SAN CLEMENTE,219.096371,219.095436,99.82054733
