OBJECTID,Join ID,LSPC_LU_CODE,Sum acres,Summarized Area in ACRES,Count of Polygons,Percent of area,OBJECTID,MSLINK,TO_JURISDI,JURISDICTI,LTT_FEATUR,LTT_STATUS,LTT_CURREN,LTT_VERSIO,LTT_COMMIT,LTT_RETIRE,LTT_UNIQUE,MLT_TXID,GEOMETRY_A,GEOMETRY_L,Perimeter,Area,Acres,Hectares,Shape_Leng,NAME,Shape_Length,Shape_Area,Sum acres,Summarized Area in ACRES,Count of Polygons,JOIN ID
2,1,10,,571.5189965,1165,6.038523407,1,15,13,LAGUNA NIGUEL,15, ,0,0,0,0,567,0,0,0,120956.6872,412250546.7,9463.970309,3829.932903,120940.6953,LAGUNA NIGUEL,120940.6953,412241994.5,,9464.570873,33371,1
3,1,20,,97.37522919,190,1.028840057,1,15,13,LAGUNA NIGUEL,15, ,0,0,0,0,567,0,0,0,120956.6872,412250546.7,9463.970309,3829.932903,120940.6953,LAGUNA NIGUEL,120940.6953,412241994.5,,9464.570873,33371,1
4,1,30,,65.54952436,216,0.692580113,1,15,13,LAGUNA NIGUEL,15, ,0,0,0,0,567,0,0,0,120956.6872,412250546.7,9463.970309,3829.932903,120940.6953,LAGUNA NIGUEL,120940.6953,412241994.5,,9464.570873,33371,1
5,1,40,,16.93520711,97,0.178932915,1,15,13,LAGUNA NIGUEL,15, ,0,0,0,0,567,0,0,0,120956.6872,412250546.7,9463.970309,3829.932903,120940.6953,LAGUNA NIGUEL,120940.6953,412241994.5,,9464.570873,33371,1
6,1,50,,2765.932591,11637,29.22406085,1,15,13,LAGUNA NIGUEL,15, ,0,0,0,0,567,0,0,0,120956.6872,412250546.7,9463.970309,3829.932903,120940.6953,LAGUNA NIGUEL,120940.6953,412241994.5,,9464.570873,33371,1
7,1,52,,713.1226312,1816,7.534655492,1,15,13,LAGUNA NIGUEL,15, ,0,0,0,0,567,0,0,0,120956.6872,412250546.7,9463.970309,3829.932903,120940.6953,LAGUNA NIGUEL,120940.6953,412241994.5,,9464.570873,33371,1
8,1,60,,1213.651228,6353,12.82310235,1,15,13,LAGUNA NIGUEL,15, ,0,0,0,0,567,0,0,0,120956.6872,412250546.7,9463.970309,3829.932903,120940.6953,LAGUNA NIGUEL,120940.6953,412241994.5,,9464.570873,33371,1
9,1,61,,81.32669776,322,0.859278221,1,15,13,LAGUNA NIGUEL,15, ,0,0,0,0,567,0,0,0,120956.6872,412250546.7,9463.970309,3829.932903,120940.6953,LAGUNA NIGUEL,120940.6953,412241994.5,,9464.570873,33371,1
10,1,62,,16.98271271,81,0.179435246,1,15,13,LAGUNA NIGUEL,15, ,0,0,0,0,567,0,0,0,120956.6872,412250546.7,9463.970309,3829.932903,120940.6953,LAGUNA NIGUEL,120940.6953,412241994.5,,9464.570873,33371,1
11,1,70,,0.882322632,21,0.009322471,1,15,13,LAGUNA NIGUEL,15, ,0,0,0,0,567,0,0,0,120956.6872,412250546.7,9463.970309,3829.932903,120940.6953,LAGUNA NIGUEL,120940.6953,412241994.5,,9464.570873,33371,1
12,1,71,,0.683999033,19,0.007226938,1,15,13,LAGUNA NIGUEL,15, ,0,0,0,0,567,0,0,0,120956.6872,412250546.7,9463.970309,3829.932903,120940.6953,LAGUNA NIGUEL,120940.6953,412241994.5,,9464.570873,33371,1
13,1,75,,1886.599134,7789,19.93327379,1,15,13,LAGUNA NIGUEL,15, ,0,0,0,0,567,0,0,0,120956.6872,412250546.7,9463.970309,3829.932903,120940.6953,LAGUNA NIGUEL,120940.6953,412241994.5,,9464.570873,33371,1
14,1,76,,386.855321,1067,4.087400403,1,15,13,LAGUNA NIGUEL,15, ,0,0,0,0,567,0,0,0,120956.6872,412250546.7,9463.970309,3829.932903,120940.6953,LAGUNA NIGUEL,120940.6953,412241994.5,,9464.570873,33371,1
15,1,77,,1520.176651,2202,16.06174649,1,15,13,LAGUNA NIGUEL,15, ,0,0,0,0,567,0,0,0,120956.6872,412250546.7,9463.970309,3829.932903,120940.6953,LAGUNA NIGUEL,120940.6953,412241994.5,,9464.570873,33371,1
16,1,78,,73.05933481,182,0.771923734,1,15,13,LAGUNA NIGUEL,15, ,0,0,0,0,567,0,0,0,120956.6872,412250546.7,9463.970309,3829.932903,120940.6953,LAGUNA NIGUEL,120940.6953,412241994.5,,9464.570873,33371,1
17,1,79,,7.976922278,95,0.084281774,1,15,13,LAGUNA NIGUEL,15, ,0,0,0,0,567,0,0,0,120956.6872,412250546.7,9463.970309,3829.932903,120940.6953,LAGUNA NIGUEL,120940.6953,412241994.5,,9464.570873,33371,1
18,1,80,,45.44485866,112,0.480158728,1,15,13,LAGUNA NIGUEL,15, ,0,0,0,0,567,0,0,0,120956.6872,412250546.7,9463.970309,3829.932903,120940.6953,LAGUNA NIGUEL,120940.6953,412241994.5,,9464.570873,33371,1
19,1,9999,,0.497512061,6,0.005256589,1,15,13,LAGUNA NIGUEL,15, ,0,0,0,0,567,0,0,0,120956.6872,412250546.7,9463.970309,3829.932903,120940.6953,LAGUNA NIGUEL,120940.6953,412241994.5,,9464.570873,33371,1
20,2,,,0,2,2.96444E-09,2,10,18,MISSION VIEJO,10, ,0,0,0,0,572,0,0,0,123586.2542,499959445.6,11477.48957,4644.775238,123585.7072,MISSION VIEJO,123585.7072,499955088.3,,11478.22069,57412,2
21,2,10,,774.9788695,2143,6.751712909,2,10,18,MISSION VIEJO,10, ,0,0,0,0,572,0,0,0,123586.2542,499959445.6,11477.48957,4644.775238,123585.7072,MISSION VIEJO,123585.7072,499955088.3,,11478.22069,57412,2
22,2,20,,541.3166538,1111,4.716015529,2,10,18,MISSION VIEJO,10, ,0,0,0,0,572,0,0,0,123586.2542,499959445.6,11477.48957,4644.775238,123585.7072,MISSION VIEJO,123585.7072,499955088.3,,11478.22069,57412,2
23,2,30,,131.6779924,299,1.147197488,2,10,18,MISSION VIEJO,10, ,0,0,0,0,572,0,0,0,123586.2542,499959445.6,11477.48957,4644.775238,123585.7072,MISSION VIEJO,123585.7072,499955088.3,,11478.22069,57412,2
24,2,40,,192.814885,371,1.679842463,2,10,18,MISSION VIEJO,10, ,0,0,0,0,572,0,0,0,123586.2542,499959445.6,11477.48957,4644.775238,123585.7072,MISSION VIEJO,123585.7072,499955088.3,,11478.22069,57412,2
25,2,50,,3972.698716,22134,34.61076668,2,10,18,MISSION VIEJO,10, ,0,0,0,0,572,0,0,0,123586.2542,499959445.6,11477.48957,4644.775238,123585.7072,MISSION VIEJO,123585.7072,499955088.3,,11478.22069,57412,2
26,2,51,,6.864848528,50,0.059807317,2,10,18,MISSION VIEJO,10, ,0,0,0,0,572,0,0,0,123586.2542,499959445.6,11477.48957,4644.775238,123585.7072,MISSION VIEJO,123585.7072,499955088.3,,11478.22069,57412,2
27,2,52,,591.6564542,1667,5.154605337,2,10,18,MISSION VIEJO,10, ,0,0,0,0,572,0,0,0,123586.2542,499959445.6,11477.48957,4644.775238,123585.7072,MISSION VIEJO,123585.7072,499955088.3,,11478.22069,57412,2
28,2,60,,1717.637848,11920,14.96432216,2,10,18,MISSION VIEJO,10, ,0,0,0,0,572,0,0,0,123586.2542,499959445.6,11477.48957,4644.775238,123585.7072,MISSION VIEJO,123585.7072,499955088.3,,11478.22069,57412,2
29,2,61,,527.1116816,2669,4.592277483,2,10,18,MISSION VIEJO,10, ,0,0,0,0,572,0,0,0,123586.2542,499959445.6,11477.48957,4644.775238,123585.7072,MISSION VIEJO,123585.7072,499955088.3,,11478.22069,57412,2
30,2,62,,56.78562527,269,0.494724456,2,10,18,MISSION VIEJO,10, ,0,0,0,0,572,0,0,0,123586.2542,499959445.6,11477.48957,4644.775238,123585.7072,MISSION VIEJO,123585.7072,499955088.3,,11478.22069,57412,2
31,2,71,,1.00574319,23,0.008762171,2,10,18,MISSION VIEJO,10, ,0,0,0,0,572,0,0,0,123586.2542,499959445.6,11477.48957,4644.775238,123585.7072,MISSION VIEJO,123585.7072,499955088.3,,11478.22069,57412,2
32,2,75,,1586.143664,9775,13.81874248,2,10,18,MISSION VIEJO,10, ,0,0,0,0,572,0,0,0,123586.2542,499959445.6,11477.48957,4644.775238,123585.7072,MISSION VIEJO,123585.7072,499955088.3,,11478.22069,57412,2
33,2,76,,770.489881,2710,6.712614472,2,10,18,MISSION VIEJO,10, ,0,0,0,0,572,0,0,0,123586.2542,499959445.6,11477.48957,4644.775238,123585.7072,MISSION VIEJO,123585.7072,499955088.3,,11478.22069,57412,2
34,2,77,,414.3313973,1763,3.60971779,2,10,18,MISSION VIEJO,10, ,0,0,0,0,572,0,0,0,123586.2542,499959445.6,11477.48957,4644.775238,123585.7072,MISSION VIEJO,123585.7072,499955088.3,,11478.22069,57412,2
35,2,78,,15.89887046,185,0.13851344,2,10,18,MISSION VIEJO,10, ,0,0,0,0,572,0,0,0,123586.2542,499959445.6,11477.48957,4644.775238,123585.7072,MISSION VIEJO,123585.7072,499955088.3,,11478.22069,57412,2
36,2,79,,25.97155383,132,0.226266967,2,10,18,MISSION VIEJO,10, ,0,0,0,0,572,0,0,0,123586.2542,499959445.6,11477.48957,4644.775238,123585.7072,MISSION VIEJO,123585.7072,499955088.3,,11478.22069,57412,2
37,2,80,,150.8360021,189,1.314110905,2,10,18,MISSION VIEJO,10, ,0,0,0,0,572,0,0,0,123586.2542,499959445.6,11477.48957,4644.775238,123585.7072,MISSION VIEJO,123585.7072,499955088.3,,11478.22069,57412,2
38,3,50,,0.000965982,2,0.00090192,3,12,19,NEWPORT BEACH,12, ,0,0,0,0,574,0,0,0,206707.2247,719408817.5,16515.35394,6683.526615,189264.913,,28829.92322,4665051.344,,107.1028057,286,3
39,3,52,,10.13108089,27,9.459210339,3,12,19,NEWPORT BEACH,12, ,0,0,0,0,574,0,0,0,206707.2247,719408817.5,16515.35394,6683.526615,189264.913,,28829.92322,4665051.344,,107.1028057,286,3
40,3,60,,0.923966747,14,0.862692075,3,12,19,NEWPORT BEACH,12, ,0,0,0,0,574,0,0,0,206707.2247,719408817.5,16515.35394,6683.526615,189264.913,,28829.92322,4665051.344,,107.1028057,286,3
41,3,61,,5.333088428,23,4.979415809,3,12,19,NEWPORT BEACH,12, ,0,0,0,0,574,0,0,0,206707.2247,719408817.5,16515.35394,6683.526615,189264.913,,28829.92322,4665051.344,,107.1028057,286,3
42,3,70,,0.901439186,6,0.84165873,3,12,19,NEWPORT BEACH,12, ,0,0,0,0,574,0,0,0,206707.2247,719408817.5,16515.35394,6683.526615,189264.913,,28829.92322,4665051.344,,107.1028057,286,3
43,3,75,,9.912040279,73,9.254700657,3,12,19,NEWPORT BEACH,12, ,0,0,0,0,574,0,0,0,206707.2247,719408817.5,16515.35394,6683.526615,189264.913,,28829.92322,4665051.344,,107.1028057,286,3
44,3,77,,79.89266467,140,74.59436275,3,12,19,NEWPORT BEACH,12, ,0,0,0,0,574,0,0,0,206707.2247,719408817.5,16515.35394,6683.526615,189264.913,,28829.92322,4665051.344,,107.1028057,286,3
45,3,78,,0.00755954,1,0.007058202,3,12,19,NEWPORT BEACH,12, ,0,0,0,0,574,0,0,0,206707.2247,719408817.5,16515.35394,6683.526615,189264.913,,28829.92322,4665051.344,,107.1028057,286,3
46,4,50,,28.79453722,182,65.08186634,4,59,32,ORANGE CO,59, ,0,0,0,0,610,0,0,0,9736.124522,2193585.957,50.35780433,20.37908039,9729.718576,UNINCORPORATED,8721.003782,1927093.084,,43.96933415,330,4
47,4,60,,7.398665352,100,16.72257961,4,59,32,ORANGE CO,59, ,0,0,0,0,610,0,0,0,9736.124522,2193585.957,50.35780433,20.37908039,9729.718576,UNINCORPORATED,8721.003782,1927093.084,,43.96933415,330,4
48,4,75,,7.711378462,36,17.42937704,4,59,32,ORANGE CO,59, ,0,0,0,0,610,0,0,0,9736.124522,2193585.957,50.35780433,20.37908039,9729.718576,UNINCORPORATED,8721.003782,1927093.084,,43.96933415,330,4
49,4,79,,0.005434872,2,0.012283982,4,59,32,ORANGE CO,59, ,0,0,0,0,610,0,0,0,9736.124522,2193585.957,50.35780433,20.37908039,9729.718576,UNINCORPORATED,8721.003782,1927093.084,,43.96933415,330,4
50,4,80,,0.05931825,10,0.134072014,4,59,32,ORANGE CO,59, ,0,0,0,0,610,0,0,0,9736.124522,2193585.957,50.35780433,20.37908039,9729.718576,UNINCORPORATED,8721.003782,1927093.084,,43.96933415,330,4
51,5,,,0,4,5.32226E-11,5,13,22,SAN CLEMENTE,13, ,0,0,0,0,575,0,0,0,125499.5954,511576427.8,11744.17878,4752.700534,125499.3449,SAN CLEMENTE,125499.0752,511572198.4,,11740.09531,48724,5
52,5,10,,426.9593252,1471,3.635192799,5,13,22,SAN CLEMENTE,13, ,0,0,0,0,575,0,0,0,125499.5954,511576427.8,11744.17878,4752.700534,125499.3449,SAN CLEMENTE,125499.0752,511572198.4,,11740.09531,48724,5
53,5,20,,165.0138072,293,1.404951425,5,13,22,SAN CLEMENTE,13, ,0,0,0,0,575,0,0,0,125499.5954,511576427.8,11744.17878,4752.700534,125499.3449,SAN CLEMENTE,125499.0752,511572198.4,,11740.09531,48724,5
54,5,30,,255.3047346,721,2.173701992,5,13,22,SAN CLEMENTE,13, ,0,0,0,0,575,0,0,0,125499.5954,511576427.8,11744.17878,4752.700534,125499.3449,SAN CLEMENTE,125499.0752,511572198.4,,11740.09531,48724,5
55,5,40,,80.9794387,275,0.689470928,5,13,22,SAN CLEMENTE,13, ,0,0,0,0,575,0,0,0,125499.5954,511576427.8,11744.17878,4752.700534,125499.3449,SAN CLEMENTE,125499.0752,511572198.4,,11740.09531,48724,5
56,5,50,,3158.549164,16099,26.89235129,5,13,22,SAN CLEMENTE,13, ,0,0,0,0,575,0,0,0,125499.5954,511576427.8,11744.17878,4752.700534,125499.3449,SAN CLEMENTE,125499.0752,511572198.4,,11740.09531,48724,5
57,5,51,,0.185200208,3,0.001576819,5,13,22,SAN CLEMENTE,13, ,0,0,0,0,575,0,0,0,125499.5954,511576427.8,11744.17878,4752.700534,125499.3449,SAN CLEMENTE,125499.0752,511572198.4,,11740.09531,48724,5
58,5,52,,678.1736215,3577,5.774067484,5,13,22,SAN CLEMENTE,13, ,0,0,0,0,575,0,0,0,125499.5954,511576427.8,11744.17878,4752.700534,125499.3449,SAN CLEMENTE,125499.0752,511572198.4,,11740.09531,48724,5
59,5,60,,1481.930691,9615,12.61737561,5,13,22,SAN CLEMENTE,13, ,0,0,0,0,575,0,0,0,125499.5954,511576427.8,11744.17878,4752.700534,125499.3449,SAN CLEMENTE,125499.0752,511572198.4,,11740.09531,48724,5
60,5,61,,237.7165706,495,2.023952156,5,13,22,SAN CLEMENTE,13, ,0,0,0,0,575,0,0,0,125499.5954,511576427.8,11744.17878,4752.700534,125499.3449,SAN CLEMENTE,125499.0752,511572198.4,,11740.09531,48724,5
61,5,62,,55.82379249,250,0.475291003,5,13,22,SAN CLEMENTE,13, ,0,0,0,0,575,0,0,0,125499.5954,511576427.8,11744.17878,4752.700534,125499.3449,SAN CLEMENTE,125499.0752,511572198.4,,11740.09531,48724,5
62,5,70,,5.99441301,48,0.051037311,5,13,22,SAN CLEMENTE,13, ,0,0,0,0,575,0,0,0,125499.5954,511576427.8,11744.17878,4752.700534,125499.3449,SAN CLEMENTE,125499.0752,511572198.4,,11740.09531,48724,5
63,5,75,,2069.889241,8997,17.62334847,5,13,22,SAN CLEMENTE,13, ,0,0,0,0,575,0,0,0,125499.5954,511576427.8,11744.17878,4752.700534,125499.3449,SAN CLEMENTE,125499.0752,511572198.4,,11740.09531,48724,5
64,5,76,,975.7800621,3059,8.307936707,5,13,22,SAN CLEMENTE,13, ,0,0,0,0,575,0,0,0,125499.5954,511576427.8,11744.17878,4752.700534,125499.3449,SAN CLEMENTE,125499.0752,511572198.4,,11740.09531,48724,5
65,5,77,,2035.792311,3294,17.33304601,5,13,22,SAN CLEMENTE,13, ,0,0,0,0,575,0,0,0,125499.5954,511576427.8,11744.17878,4752.700534,125499.3449,SAN CLEMENTE,125499.0752,511572198.4,,11740.09531,48724,5
66,5,78,,89.34146349,157,0.760667335,5,13,22,SAN CLEMENTE,13, ,0,0,0,0,575,0,0,0,125499.5954,511576427.8,11744.17878,4752.700534,125499.3449,SAN CLEMENTE,125499.0752,511572198.4,,11740.09531,48724,5
67,5,79,,2.244501427,32,0.019110038,5,13,22,SAN CLEMENTE,13, ,0,0,0,0,575,0,0,0,125499.5954,511576427.8,11744.17878,4752.700534,125499.3449,SAN CLEMENTE,125499.0752,511572198.4,,11740.09531,48724,5
68,5,80,,0.825101416,33,0.007025023,5,13,22,SAN CLEMENTE,13, ,0,0,0,0,575,0,0,0,125499.5954,511576427.8,11744.17878,4752.700534,125499.3449,SAN CLEMENTE,125499.0752,511572198.4,,11740.09531,48724,5
69,5,9999,,19.59186713,301,0.166808158,5,13,22,SAN CLEMENTE,13, ,0,0,0,0,575,0,0,0,125499.5954,511576427.8,11744.17878,4752.700534,125499.3449,SAN CLEMENTE,125499.0752,511572198.4,,11740.09531,48724,5
70,6,,,0,1,2.6299E-08,6,22,15,LAKE FOREST,22, ,0,0,0,0,577,0,0,0,108600.1048,467930991.8,10742.21744,4347.221165,108599.6391,LAKE FOREST,106375.8601,144938387.2,,3327.543151,12678,6
71,6,10,,473.8398811,959,14.23993884,6,22,15,LAKE FOREST,22, ,0,0,0,0,577,0,0,0,108600.1048,467930991.8,10742.21744,4347.221165,108599.6391,LAKE FOREST,106375.8601,144938387.2,,3327.543151,12678,6
72,6,20,,31.57996613,45,0.949046696,6,22,15,LAKE FOREST,22, ,0,0,0,0,577,0,0,0,108600.1048,467930991.8,10742.21744,4347.221165,108599.6391,LAKE FOREST,106375.8601,144938387.2,,3327.543151,12678,6
73,6,30,,157.4265824,346,4.731030113,6,22,15,LAKE FOREST,22, ,0,0,0,0,577,0,0,0,108600.1048,467930991.8,10742.21744,4347.221165,108599.6391,LAKE FOREST,106375.8601,144938387.2,,3327.543151,12678,6
74,6,40,,8.283372553,63,0.248933086,6,22,15,LAKE FOREST,22, ,0,0,0,0,577,0,0,0,108600.1048,467930991.8,10742.21744,4347.221165,108599.6391,LAKE FOREST,106375.8601,144938387.2,,3327.543151,12678,6
75,6,50,,744.2971117,3425,22.36775575,6,22,15,LAKE FOREST,22, ,0,0,0,0,577,0,0,0,108600.1048,467930991.8,10742.21744,4347.221165,108599.6391,LAKE FOREST,106375.8601,144938387.2,,3327.543151,12678,6
76,6,51,,7.65712987,54,0.23011364,6,22,15,LAKE FOREST,22, ,0,0,0,0,577,0,0,0,108600.1048,467930991.8,10742.21744,4347.221165,108599.6391,LAKE FOREST,106375.8601,144938387.2,,3327.543151,12678,6
77,6,52,,410.1122052,915,12.32474988,6,22,15,LAKE FOREST,22, ,0,0,0,0,577,0,0,0,108600.1048,467930991.8,10742.21744,4347.221165,108599.6391,LAKE FOREST,106375.8601,144938387.2,,3327.543151,12678,6
78,6,60,,474.8448902,2562,14.27012317,6,22,15,LAKE FOREST,22, ,0,0,0,0,577,0,0,0,108600.1048,467930991.8,10742.21744,4347.221165,108599.6391,LAKE FOREST,106375.8601,144938387.2,,3327.543151,12678,6
79,6,61,,73.35933716,154,2.204608487,6,22,15,LAKE FOREST,22, ,0,0,0,0,577,0,0,0,108600.1048,467930991.8,10742.21744,4347.221165,108599.6391,LAKE FOREST,106375.8601,144938387.2,,3327.543151,12678,6
80,6,62,,5.929991892,31,0.178208343,6,22,15,LAKE FOREST,22, ,0,0,0,0,577,0,0,0,108600.1048,467930991.8,10742.21744,4347.221165,108599.6391,LAKE FOREST,106375.8601,144938387.2,,3327.543151,12678,6
81,6,70,,10.09127469,34,0.30326664,6,22,15,LAKE FOREST,22, ,0,0,0,0,577,0,0,0,108600.1048,467930991.8,10742.21744,4347.221165,108599.6391,LAKE FOREST,106375.8601,144938387.2,,3327.543151,12678,6
82,6,75,,485.0045995,2574,14.57546927,6,22,15,LAKE FOREST,22, ,0,0,0,0,577,0,0,0,108600.1048,467930991.8,10742.21744,4347.221165,108599.6391,LAKE FOREST,106375.8601,144938387.2,,3327.543151,12678,6
83,6,76,,208.9769696,758,6.280210713,6,22,15,LAKE FOREST,22, ,0,0,0,0,577,0,0,0,108600.1048,467930991.8,10742.21744,4347.221165,108599.6391,LAKE FOREST,106375.8601,144938387.2,,3327.543151,12678,6
84,6,77,,228.839554,684,6.877153892,6,22,15,LAKE FOREST,22, ,0,0,0,0,577,0,0,0,108600.1048,467930991.8,10742.21744,4347.221165,108599.6391,LAKE FOREST,106375.8601,144938387.2,,3327.543151,12678,6
85,6,78,,3.853330056,32,0.115801742,6,22,15,LAKE FOREST,22, ,0,0,0,0,577,0,0,0,108600.1048,467930991.8,10742.21744,4347.221165,108599.6391,LAKE FOREST,106375.8601,144938387.2,,3327.543151,12678,6
86,6,79,,3.446467624,36,0.10357437,6,22,15,LAKE FOREST,22, ,0,0,0,0,577,0,0,0,108600.1048,467930991.8,10742.21744,4347.221165,108599.6391,LAKE FOREST,106375.8601,144938387.2,,3327.543151,12678,6
87,6,9999,,0.000487433,5,1.46411E-05,6,22,15,LAKE FOREST,22, ,0,0,0,0,577,0,0,0,108600.1048,467930991.8,10742.21744,4347.221165,108599.6391,LAKE FOREST,106375.8601,144938387.2,,3327.543151,12678,6
88,7,,,0,1,4.4104E-09,7,24,11,LAGUNA BEACH,24,E,49623,0,0,0,1001,46198,0,0,168401.3915,246376255.7,5656.020561,2288.910313,168363.5615,LAGUNA BEACH,165507.9771,246089475.1,,5649.615923,19808,7
89,7,10,,221.4269546,1226,3.919125165,7,24,11,LAGUNA BEACH,24,E,49623,0,0,0,1001,46198,0,0,168401.3915,246376255.7,5656.020561,2288.910313,168363.5615,LAGUNA BEACH,165507.9771,246089475.1,,5649.615923,19808,7
90,7,20,,54.6850677,160,0.967894612,7,24,11,LAGUNA BEACH,24,E,49623,0,0,0,1001,46198,0,0,168401.3915,246376255.7,5656.020561,2288.910313,168363.5615,LAGUNA BEACH,165507.9771,246089475.1,,5649.615923,19808,7
91,7,30,,22.09112377,76,0.391000843,7,24,11,LAGUNA BEACH,24,E,49623,0,0,0,1001,46198,0,0,168401.3915,246376255.7,5656.020561,2288.910313,168363.5615,LAGUNA BEACH,165507.9771,246089475.1,,5649.615923,19808,7
92,7,40,,5.696715332,35,0.10082859,7,24,11,LAGUNA BEACH,24,E,49623,0,0,0,1001,46198,0,0,168401.3915,246376255.7,5656.020561,2288.910313,168363.5615,LAGUNA BEACH,165507.9771,246089475.1,,5649.615923,19808,7
93,7,50,,1892.904489,7729,33.50329739,7,24,11,LAGUNA BEACH,24,E,49623,0,0,0,1001,46198,0,0,168401.3915,246376255.7,5656.020561,2288.910313,168363.5615,LAGUNA BEACH,165507.9771,246089475.1,,5649.615923,19808,7
94,7,51,,0.797536306,10,0.014115952,7,24,11,LAGUNA BEACH,24,E,49623,0,0,0,1001,46198,0,0,168401.3915,246376255.7,5656.020561,2288.910313,168363.5615,LAGUNA BEACH,165507.9771,246089475.1,,5649.615923,19808,7
95,7,52,,233.3316812,1841,4.129838158,7,24,11,LAGUNA BEACH,24,E,49623,0,0,0,1001,46198,0,0,168401.3915,246376255.7,5656.020561,2288.910313,168363.5615,LAGUNA BEACH,165507.9771,246089475.1,,5649.615923,19808,7
96,7,60,,551.641321,3399,9.763727618,7,24,11,LAGUNA BEACH,24,E,49623,0,0,0,1001,46198,0,0,168401.3915,246376255.7,5656.020561,2288.910313,168363.5615,LAGUNA BEACH,165507.9771,246089475.1,,5649.615923,19808,7
97,7,61,,57.29078075,95,1.014020563,7,24,11,LAGUNA BEACH,24,E,49623,0,0,0,1001,46198,0,0,168401.3915,246376255.7,5656.020561,2288.910313,168363.5615,LAGUNA BEACH,165507.9771,246089475.1,,5649.615923,19808,7
98,7,70,,160.7343612,293,2.844903043,7,24,11,LAGUNA BEACH,24,E,49623,0,0,0,1001,46198,0,0,168401.3915,246376255.7,5656.020561,2288.910313,168363.5615,LAGUNA BEACH,165507.9771,246089475.1,,5649.615923,19808,7
99,7,71,,2.223948399,10,0.039362469,7,24,11,LAGUNA BEACH,24,E,49623,0,0,0,1001,46198,0,0,168401.3915,246376255.7,5656.020561,2288.910313,168363.5615,LAGUNA BEACH,165507.9771,246089475.1,,5649.615923,19808,7
100,7,75,,313.8736756,2750,5.555379757,7,24,11,LAGUNA BEACH,24,E,49623,0,0,0,1001,46198,0,0,168401.3915,246376255.7,5656.020561,2288.910313,168363.5615,LAGUNA BEACH,165507.9771,246089475.1,,5649.615923,19808,7
101,7,76,,43.13607054,178,0.763483283,7,24,11,LAGUNA BEACH,24,E,49623,0,0,0,1001,46198,0,0,168401.3915,246376255.7,5656.020561,2288.910313,168363.5615,LAGUNA BEACH,165507.9771,246089475.1,,5649.615923,19808,7
102,7,77,,1971.038737,1569,34.88630668,7,24,11,LAGUNA BEACH,24,E,49623,0,0,0,1001,46198,0,0,168401.3915,246376255.7,5656.020561,2288.910313,168363.5615,LAGUNA BEACH,165507.9771,246089475.1,,5649.615923,19808,7
103,7,78,,93.31433273,151,1.651610108,7,24,11,LAGUNA BEACH,24,E,49623,0,0,0,1001,46198,0,0,168401.3915,246376255.7,5656.020561,2288.910313,168363.5615,LAGUNA BEACH,165507.9771,246089475.1,,5649.615923,19808,7
104,7,79,,22.87217044,208,0.404826198,7,24,11,LAGUNA BEACH,24,E,49623,0,0,0,1001,46198,0,0,168401.3915,246376255.7,5656.020561,2288.910313,168363.5615,LAGUNA BEACH,165507.9771,246089475.1,,5649.615923,19808,7
105,7,80,,2.556956876,77,0.045256746,7,24,11,LAGUNA BEACH,24,E,49623,0,0,0,1001,46198,0,0,168401.3915,246376255.7,5656.020561,2288.910313,168363.5615,LAGUNA BEACH,165507.9771,246089475.1,,5649.615923,19808,7
106,8,,,0,1,8.058E-09,8,265,58,RANCHO SANTA MARGARITA,265, ,0,0,0,0,650,0,0,0,146211.222,360667694.7,8279.79097,3350.712527,146209.9392,RANCHO SANTA MARGARITA,146209.9392,360666269.6,,8280.326615,26434,8
107,8,10,,367.3406432,660,4.436310821,8,265,58,RANCHO SANTA MARGARITA,265, ,0,0,0,0,650,0,0,0,146211.222,360667694.7,8279.79097,3350.712527,146209.9392,RANCHO SANTA MARGARITA,146209.9392,360666269.6,,8280.326615,26434,8
108,8,20,,108.9497467,213,1.315768754,8,265,58,RANCHO SANTA MARGARITA,265, ,0,0,0,0,650,0,0,0,146211.222,360667694.7,8279.79097,3350.712527,146209.9392,RANCHO SANTA MARGARITA,146209.9392,360666269.6,,8280.326615,26434,8
109,8,30,,106.5775623,245,1.287117667,8,265,58,RANCHO SANTA MARGARITA,265, ,0,0,0,0,650,0,0,0,146211.222,360667694.7,8279.79097,3350.712527,146209.9392,RANCHO SANTA MARGARITA,146209.9392,360666269.6,,8280.326615,26434,8
110,8,40,,60.43572127,230,0.729873325,8,265,58,RANCHO SANTA MARGARITA,265, ,0,0,0,0,650,0,0,0,146211.222,360667694.7,8279.79097,3350.712527,146209.9392,RANCHO SANTA MARGARITA,146209.9392,360666269.6,,8280.326615,26434,8
111,8,50,,1166.190418,5594,14.08389934,8,265,58,RANCHO SANTA MARGARITA,265, ,0,0,0,0,650,0,0,0,146211.222,360667694.7,8279.79097,3350.712527,146209.9392,RANCHO SANTA MARGARITA,146209.9392,360666269.6,,8280.326615,26434,8
112,8,52,,452.9121782,1248,5.469746266,8,265,58,RANCHO SANTA MARGARITA,265, ,0,0,0,0,650,0,0,0,146211.222,360667694.7,8279.79097,3350.712527,146209.9392,RANCHO SANTA MARGARITA,146209.9392,360666269.6,,8280.326615,26434,8
113,8,60,,812.5801826,4468,9.813399417,8,265,58,RANCHO SANTA MARGARITA,265, ,0,0,0,0,650,0,0,0,146211.222,360667694.7,8279.79097,3350.712527,146209.9392,RANCHO SANTA MARGARITA,146209.9392,360666269.6,,8280.326615,26434,8
114,8,61,,362.9592056,621,4.383385121,8,265,58,RANCHO SANTA MARGARITA,265, ,0,0,0,0,650,0,0,0,146211.222,360667694.7,8279.79097,3350.712527,146209.9392,RANCHO SANTA MARGARITA,146209.9392,360666269.6,,8280.326615,26434,8
115,8,70,,0.170847323,44,0.002063333,8,265,58,RANCHO SANTA MARGARITA,265, ,0,0,0,0,650,0,0,0,146211.222,360667694.7,8279.79097,3350.712527,146209.9392,RANCHO SANTA MARGARITA,146209.9392,360666269.6,,8280.326615,26434,8
116,8,71,,21.63693786,220,0.261304533,8,265,58,RANCHO SANTA MARGARITA,265, ,0,0,0,0,650,0,0,0,146211.222,360667694.7,8279.79097,3350.712527,146209.9392,RANCHO SANTA MARGARITA,146209.9392,360666269.6,,8280.326615,26434,8
117,8,75,,935.3023889,5611,11.29549369,8,265,58,RANCHO SANTA MARGARITA,265, ,0,0,0,0,650,0,0,0,146211.222,360667694.7,8279.79097,3350.712527,146209.9392,RANCHO SANTA MARGARITA,146209.9392,360666269.6,,8280.326615,26434,8
118,8,76,,598.7442203,1840,7.230915867,8,265,58,RANCHO SANTA MARGARITA,265, ,0,0,0,0,650,0,0,0,146211.222,360667694.7,8279.79097,3350.712527,146209.9392,RANCHO SANTA MARGARITA,146209.9392,360666269.6,,8280.326615,26434,8
119,8,77,,2944.918267,3745,35.565179,8,265,58,RANCHO SANTA MARGARITA,265, ,0,0,0,0,650,0,0,0,146211.222,360667694.7,8279.79097,3350.712527,146209.9392,RANCHO SANTA MARGARITA,146209.9392,360666269.6,,8280.326615,26434,8
120,8,78,,19.34602135,114,0.233638276,8,265,58,RANCHO SANTA MARGARITA,265, ,0,0,0,0,650,0,0,0,146211.222,360667694.7,8279.79097,3350.712527,146209.9392,RANCHO SANTA MARGARITA,146209.9392,360666269.6,,8280.326615,26434,8
121,8,79,,247.9229162,1379,2.994116878,8,265,58,RANCHO SANTA MARGARITA,265, ,0,0,0,0,650,0,0,0,146211.222,360667694.7,8279.79097,3350.712527,146209.9392,RANCHO SANTA MARGARITA,146209.9392,360666269.6,,8280.326615,26434,8
122,8,80,,73.63436517,192,0.889272746,8,265,58,RANCHO SANTA MARGARITA,265, ,0,0,0,0,650,0,0,0,146211.222,360667694.7,8279.79097,3350.712527,146209.9392,RANCHO SANTA MARGARITA,146209.9392,360666269.6,,8280.326615,26434,8
123,8,9999,,0.704993464,9,0.008514117,8,265,58,RANCHO SANTA MARGARITA,265, ,0,0,0,0,650,0,0,0,146211.222,360667694.7,8279.79097,3350.712527,146209.9392,RANCHO SANTA MARGARITA,146209.9392,360666269.6,,8280.326615,26434,8
124,9,,,0,1,4.40552E-08,9,267,33,ALISO VIEJO,267, ,0,0,0,0,651,0,0,0,92158.84034,192956836.9,4429.679452,1792.627674,92151.20786,ALISO VIEJO,89782.22209,187569320.3,,4306.332739,16648,9
125,9,10,,488.1033292,1068,11.33454464,9,267,33,ALISO VIEJO,267, ,0,0,0,0,651,0,0,0,92158.84034,192956836.9,4429.679452,1792.627674,92151.20786,ALISO VIEJO,89782.22209,187569320.3,,4306.332739,16648,9
126,9,20,,203.8556968,419,4.733848792,9,267,33,ALISO VIEJO,267, ,0,0,0,0,651,0,0,0,92158.84034,192956836.9,4429.679452,1792.627674,92151.20786,ALISO VIEJO,89782.22209,187569320.3,,4306.332739,16648,9
127,9,30,,67.46176885,222,1.566571216,9,267,33,ALISO VIEJO,267, ,0,0,0,0,651,0,0,0,92158.84034,192956836.9,4429.679452,1792.627674,92151.20786,ALISO VIEJO,89782.22209,187569320.3,,4306.332739,16648,9
128,9,40,,16.92597504,74,0.393048657,9,267,33,ALISO VIEJO,267, ,0,0,0,0,651,0,0,0,92158.84034,192956836.9,4429.679452,1792.627674,92151.20786,ALISO VIEJO,89782.22209,187569320.3,,4306.332739,16648,9
129,9,50,,584.8621119,3456,13.58145456,9,267,33,ALISO VIEJO,267, ,0,0,0,0,651,0,0,0,92158.84034,192956836.9,4429.679452,1792.627674,92151.20786,ALISO VIEJO,89782.22209,187569320.3,,4306.332739,16648,9
130,9,51,,4.048002237,14,0.094001164,9,267,33,ALISO VIEJO,267, ,0,0,0,0,651,0,0,0,92158.84034,192956836.9,4429.679452,1792.627674,92151.20786,ALISO VIEJO,89782.22209,187569320.3,,4306.332739,16648,9
131,9,52,,795.1084969,1623,18.4636971,9,267,33,ALISO VIEJO,267, ,0,0,0,0,651,0,0,0,92158.84034,192956836.9,4429.679452,1792.627674,92151.20786,ALISO VIEJO,89782.22209,187569320.3,,4306.332739,16648,9
132,9,60,,652.0406811,3594,15.14144426,9,267,33,ALISO VIEJO,267, ,0,0,0,0,651,0,0,0,92158.84034,192956836.9,4429.679452,1792.627674,92151.20786,ALISO VIEJO,89782.22209,187569320.3,,4306.332739,16648,9
133,9,61,,222.6837434,562,5.171079298,9,267,33,ALISO VIEJO,267, ,0,0,0,0,651,0,0,0,92158.84034,192956836.9,4429.679452,1792.627674,92151.20786,ALISO VIEJO,89782.22209,187569320.3,,4306.332739,16648,9
134,9,70,,10.19286292,34,0.236694093,9,267,33,ALISO VIEJO,267, ,0,0,0,0,651,0,0,0,92158.84034,192956836.9,4429.679452,1792.627674,92151.20786,ALISO VIEJO,89782.22209,187569320.3,,4306.332739,16648,9
135,9,71,,2.521947038,27,0.058563638,9,267,33,ALISO VIEJO,267, ,0,0,0,0,651,0,0,0,92158.84034,192956836.9,4429.679452,1792.627674,92151.20786,ALISO VIEJO,89782.22209,187569320.3,,4306.332739,16648,9
136,9,75,,632.093966,3326,14.67824923,9,267,33,ALISO VIEJO,267, ,0,0,0,0,651,0,0,0,92158.84034,192956836.9,4429.679452,1792.627674,92151.20786,ALISO VIEJO,89782.22209,187569320.3,,4306.332739,16648,9
137,9,76,,335.5149583,843,7.791195581,9,267,33,ALISO VIEJO,267, ,0,0,0,0,651,0,0,0,92158.84034,192956836.9,4429.679452,1792.627674,92151.20786,ALISO VIEJO,89782.22209,187569320.3,,4306.332739,16648,9
138,9,77,,260.7545861,1078,6.055136839,9,267,33,ALISO VIEJO,267, ,0,0,0,0,651,0,0,0,92158.84034,192956836.9,4429.679452,1792.627674,92151.20786,ALISO VIEJO,89782.22209,187569320.3,,4306.332739,16648,9
139,9,78,,0.686964168,10,0.01595243,9,267,33,ALISO VIEJO,267, ,0,0,0,0,651,0,0,0,92158.84034,192956836.9,4429.679452,1792.627674,92151.20786,ALISO VIEJO,89782.22209,187569320.3,,4306.332739,16648,9
140,9,79,,13.17310208,136,0.305901157,9,267,33,ALISO VIEJO,267, ,0,0,0,0,651,0,0,0,92158.84034,192956836.9,4429.679452,1792.627674,92151.20786,ALISO VIEJO,89782.22209,187569320.3,,4306.332739,16648,9
141,9,9999,,16.30454665,161,0.378617657,9,267,33,ALISO VIEJO,267, ,0,0,0,0,651,0,0,0,92158.84034,192956836.9,4429.679452,1792.627674,92151.20786,ALISO VIEJO,89782.22209,187569320.3,,4306.332739,16648,9
142,10,10,,9.270822389,43,1.016944506,10,254,83,LAGUNA WOODS,254, ,0,0,0,0,645,0,0,0,76128.19755,92173797.29,2116.019221,856.3225976,76119.07305,LAGUNA WOODS,58084.54104,39707924.17,,911.6354009,3387,10
143,10,50,,0.021742485,22,0.002384994,10,254,83,LAGUNA WOODS,254, ,0,0,0,0,645,0,0,0,76128.19755,92173797.29,2116.019221,856.3225976,76119.07305,LAGUNA WOODS,58084.54104,39707924.17,,911.6354009,3387,10
144,10,52,,640.6559174,2047,70.27543509,10,254,83,LAGUNA WOODS,254, ,0,0,0,0,645,0,0,0,76128.19755,92173797.29,2116.019221,856.3225976,76119.07305,LAGUNA WOODS,58084.54104,39707924.17,,911.6354009,3387,10
145,10,60,,75.57738512,614,8.290306452,10,254,83,LAGUNA WOODS,254, ,0,0,0,0,645,0,0,0,76128.19755,92173797.29,2116.019221,856.3225976,76119.07305,LAGUNA WOODS,58084.54104,39707924.17,,911.6354009,3387,10
146,10,62,,0.062420446,5,0.006847078,10,254,83,LAGUNA WOODS,254, ,0,0,0,0,645,0,0,0,76128.19755,92173797.29,2116.019221,856.3225976,76119.07305,LAGUNA WOODS,58084.54104,39707924.17,,911.6354009,3387,10
147,10,75,,37.98443736,305,4.166624743,10,254,83,LAGUNA WOODS,254, ,0,0,0,0,645,0,0,0,76128.19755,92173797.29,2116.019221,856.3225976,76119.07305,LAGUNA WOODS,58084.54104,39707924.17,,911.6354009,3387,10
148,10,76,,137.3605107,214,15.06750742,10,254,83,LAGUNA WOODS,254, ,0,0,0,0,645,0,0,0,76128.19755,92173797.29,2116.019221,856.3225976,76119.07305,LAGUNA WOODS,58084.54104,39707924.17,,911.6354009,3387,10
149,10,77,,9.294719681,92,1.019564726,10,254,83,LAGUNA WOODS,254, ,0,0,0,0,645,0,0,0,76128.19755,92173797.29,2116.019221,856.3225976,76119.07305,LAGUNA WOODS,58084.54104,39707924.17,,911.6354009,3387,10
150,10,78,,1.181451701,32,0.129596869,10,254,83,LAGUNA WOODS,254, ,0,0,0,0,645,0,0,0,76128.19755,92173797.29,2116.019221,856.3225976,76119.07305,LAGUNA WOODS,58084.54104,39707924.17,,911.6354009,3387,10
151,10,79,,0.222394794,6,0.024395135,10,254,83,LAGUNA WOODS,254, ,0,0,0,0,645,0,0,0,76128.19755,92173797.29,2116.019221,856.3225976,76119.07305,LAGUNA WOODS,58084.54104,39707924.17,,911.6354009,3387,10
152,10,9999,,0.003598769,7,0.000394761,10,254,83,LAGUNA WOODS,254, ,0,0,0,0,645,0,0,0,76128.19755,92173797.29,2116.019221,856.3225976,76119.07305,LAGUNA WOODS,58084.54104,39707924.17,,911.6354009,3387,10
153,11,10,,0.051549456,5,0.002321411,11,255,32,ORANGE CO,255, ,0,0,0,0,646,0,0,0,92634.73974,96722185.1,2220.435838,898.5785031,92634.39758,UNINCORPORATED,92634.39758,96721459.89,,2220.600858,3574,11
154,11,20,,0.001061655,2,4.78129E-05,11,255,32,ORANGE CO,255, ,0,0,0,0,646,0,0,0,92634.73974,96722185.1,2220.435838,898.5785031,92634.39758,UNINCORPORATED,92634.39758,96721459.89,,2220.600858,3574,11
155,11,30,,16.10299711,67,0.72516134,11,255,32,ORANGE CO,255, ,0,0,0,0,646,0,0,0,92634.73974,96722185.1,2220.435838,898.5785031,92634.39758,UNINCORPORATED,92634.39758,96721459.89,,2220.600858,3574,11
156,11,40,,0.000632218,7,2.84724E-05,11,255,32,ORANGE CO,255, ,0,0,0,0,646,0,0,0,92634.73974,96722185.1,2220.435838,898.5785031,92634.39758,UNINCORPORATED,92634.39758,96721459.89,,2220.600858,3574,11
157,11,50,,0.000385315,3,1.73518E-05,11,255,32,ORANGE CO,255, ,0,0,0,0,646,0,0,0,92634.73974,96722185.1,2220.435838,898.5785031,92634.39758,UNINCORPORATED,92634.39758,96721459.89,,2220.600858,3574,11
158,11,52,,4.85072E-05,3,2.18442E-06,11,255,32,ORANGE CO,255, ,0,0,0,0,646,0,0,0,92634.73974,96722185.1,2220.435838,898.5785031,92634.39758,UNINCORPORATED,92634.39758,96721459.89,,2220.600858,3574,11
159,11,60,,6.050165925,43,0.272455913,11,255,32,ORANGE CO,255, ,0,0,0,0,646,0,0,0,92634.73974,96722185.1,2220.435838,898.5785031,92634.39758,UNINCORPORATED,92634.39758,96721459.89,,2220.600858,3574,11
160,11,71,,1.334369,4,0.060090302,11,255,32,ORANGE CO,255, ,0,0,0,0,646,0,0,0,92634.73974,96722185.1,2220.435838,898.5785031,92634.39758,UNINCORPORATED,92634.39758,96721459.89,,2220.600858,3574,11
161,11,75,,79.1633381,523,3.564954063,11,255,32,ORANGE CO,255, ,0,0,0,0,646,0,0,0,92634.73974,96722185.1,2220.435838,898.5785031,92634.39758,UNINCORPORATED,92634.39758,96721459.89,,2220.600858,3574,11
162,11,76,,0.752446608,19,0.033887082,11,255,32,ORANGE CO,255, ,0,0,0,0,646,0,0,0,92634.73974,96722185.1,2220.435838,898.5785031,92634.39758,UNINCORPORATED,92634.39758,96721459.89,,2220.600858,3574,11
163,11,77,,1870.09376,1817,84.215663,11,255,32,ORANGE CO,255, ,0,0,0,0,646,0,0,0,92634.73974,96722185.1,2220.435838,898.5785031,92634.39758,UNINCORPORATED,92634.39758,96721459.89,,2220.600858,3574,11
164,11,78,,86.4527984,144,3.893212952,11,255,32,ORANGE CO,255, ,0,0,0,0,646,0,0,0,92634.73974,96722185.1,2220.435838,898.5785031,92634.39758,UNINCORPORATED,92634.39758,96721459.89,,2220.600858,3574,11
165,11,79,,160.5973062,937,7.232152886,11,255,32,ORANGE CO,255, ,0,0,0,0,646,0,0,0,92634.73974,96722185.1,2220.435838,898.5785031,92634.39758,UNINCORPORATED,92634.39758,96721459.89,,2220.600858,3574,11
166,12,,,0,1,5.85583E-11,12,256,32,ORANGE CO,256, ,0,0,0,0,647,0,0,0,113853.0261,316534497.3,7266.632168,2940.701706,113851.5617,UNINCORPORATED,113812.2398,305592041.8,,7014.861326,6060,12
167,12,10,,2.942348879,30,0.041938131,12,256,32,ORANGE CO,256, ,0,0,0,0,647,0,0,0,113853.0261,316534497.3,7266.632168,2940.701706,113851.5617,UNINCORPORATED,113812.2398,305592041.8,,7014.861326,6060,12
168,12,20,,10.5667772,43,0.150609996,12,256,32,ORANGE CO,256, ,0,0,0,0,647,0,0,0,113853.0261,316534497.3,7266.632168,2940.701706,113851.5617,UNINCORPORATED,113812.2398,305592041.8,,7014.861326,6060,12
169,12,30,,1.607108069,12,0.022906335,12,256,32,ORANGE CO,256, ,0,0,0,0,647,0,0,0,113853.0261,316534497.3,7266.632168,2940.701706,113851.5617,UNINCORPORATED,113812.2398,305592041.8,,7014.861326,6060,12
170,12,40,,3.321109845,11,0.047336249,12,256,32,ORANGE CO,256, ,0,0,0,0,647,0,0,0,113853.0261,316534497.3,7266.632168,2940.701706,113851.5617,UNINCORPORATED,113812.2398,305592041.8,,7014.861326,6060,12
171,12,50,,66.46323937,262,0.947310171,12,256,32,ORANGE CO,256, ,0,0,0,0,647,0,0,0,113853.0261,316534497.3,7266.632168,2940.701706,113851.5617,UNINCORPORATED,113812.2398,305592041.8,,7014.861326,6060,12
172,12,51,,0.699860011,3,0.009975207,12,256,32,ORANGE CO,256, ,0,0,0,0,647,0,0,0,113853.0261,316534497.3,7266.632168,2940.701706,113851.5617,UNINCORPORATED,113812.2398,305592041.8,,7014.861326,6060,12
173,12,60,,99.64380098,428,1.420246256,12,256,32,ORANGE CO,256, ,0,0,0,0,647,0,0,0,113853.0261,316534497.3,7266.632168,2940.701706,113851.5617,UNINCORPORATED,113812.2398,305592041.8,,7014.861326,6060,12
174,12,61,,148.6491078,305,2.118730914,12,256,32,ORANGE CO,256, ,0,0,0,0,647,0,0,0,113853.0261,316534497.3,7266.632168,2940.701706,113851.5617,UNINCORPORATED,113812.2398,305592041.8,,7014.861326,6060,12
175,12,70,,0.83450061,22,0.011894275,12,256,32,ORANGE CO,256, ,0,0,0,0,647,0,0,0,113853.0261,316534497.3,7266.632168,2940.701706,113851.5617,UNINCORPORATED,113812.2398,305592041.8,,7014.861326,6060,12
176,12,75,,179.1190483,1093,2.553017765,12,256,32,ORANGE CO,256, ,0,0,0,0,647,0,0,0,113853.0261,316534497.3,7266.632168,2940.701706,113851.5617,UNINCORPORATED,113812.2398,305592041.8,,7014.861326,6060,12
177,12,76,,13.25181177,63,0.188879995,12,256,32,ORANGE CO,256, ,0,0,0,0,647,0,0,0,113853.0261,316534497.3,7266.632168,2940.701706,113851.5617,UNINCORPORATED,113812.2398,305592041.8,,7014.861326,6060,12
178,12,77,,6424.452035,3367,91.56899083,12,256,32,ORANGE CO,256, ,0,0,0,0,647,0,0,0,113853.0261,316534497.3,7266.632168,2940.701706,113851.5617,UNINCORPORATED,113812.2398,305592041.8,,7014.861326,6060,12
179,12,78,,16.01242298,39,0.228228286,12,256,32,ORANGE CO,256, ,0,0,0,0,647,0,0,0,113853.0261,316534497.3,7266.632168,2940.701706,113851.5617,UNINCORPORATED,113812.2398,305592041.8,,7014.861326,6060,12
180,12,79,,43.82877343,329,0.624701363,12,256,32,ORANGE CO,256, ,0,0,0,0,647,0,0,0,113853.0261,316534497.3,7266.632168,2940.701706,113851.5617,UNINCORPORATED,113812.2398,305592041.8,,7014.861326,6060,12
181,12,80,,2.936845388,38,0.041859451,12,256,32,ORANGE CO,256, ,0,0,0,0,647,0,0,0,113853.0261,316534497.3,7266.632168,2940.701706,113851.5617,UNINCORPORATED,113812.2398,305592041.8,,7014.861326,6060,12
182,12,9999,,0.532536587,14,0.007590397,12,256,32,ORANGE CO,256, ,0,0,0,0,647,0,0,0,113853.0261,316534497.3,7266.632168,2940.701706,113851.5617,UNINCORPORATED,113812.2398,305592041.8,,7014.861326,6060,12
183,13,,,0,1,3.5784E-08,13,257,12,LAGUNA HILLS,257, ,0,0,0,0,902,0,0,0,99410.68102,185315857.1,4254.266692,1721.640649,99399.32197,LAGUNA HILLS,65340.92115,152395954,,3498.797335,14286,13
184,13,10,,282.4306965,634,8.072244018,13,257,12,LAGUNA HILLS,257, ,0,0,0,0,902,0,0,0,99410.68102,185315857.1,4254.266692,1721.640649,99399.32197,LAGUNA HILLS,65340.92115,152395954,,3498.797335,14286,13
185,13,20,,73.2378652,127,2.093232124,13,257,12,LAGUNA HILLS,257, ,0,0,0,0,902,0,0,0,99410.68102,185315857.1,4254.266692,1721.640649,99399.32197,LAGUNA HILLS,65340.92115,152395954,,3498.797335,14286,13
186,13,30,,7.301993023,37,0.208700233,13,257,12,LAGUNA HILLS,257, ,0,0,0,0,902,0,0,0,99410.68102,185315857.1,4254.266692,1721.640649,99399.32197,LAGUNA HILLS,65340.92115,152395954,,3498.797335,14286,13
187,13,40,,4.746696162,31,0.135666539,13,257,12,LAGUNA HILLS,257, ,0,0,0,0,902,0,0,0,99410.68102,185315857.1,4254.266692,1721.640649,99399.32197,LAGUNA HILLS,65340.92115,152395954,,3498.797335,14286,13
188,13,50,,1721.781406,6596,49.21063589,13,257,12,LAGUNA HILLS,257, ,0,0,0,0,902,0,0,0,99410.68102,185315857.1,4254.266692,1721.640649,99399.32197,LAGUNA HILLS,65340.92115,152395954,,3498.797335,14286,13
189,13,52,,194.2301051,576,5.551341182,13,257,12,LAGUNA HILLS,257, ,0,0,0,0,902,0,0,0,99410.68102,185315857.1,4254.266692,1721.640649,99399.32197,LAGUNA HILLS,65340.92115,152395954,,3498.797335,14286,13
190,13,60,,611.8964952,3610,17.48877249,13,257,12,LAGUNA HILLS,257, ,0,0,0,0,902,0,0,0,99410.68102,185315857.1,4254.266692,1721.640649,99399.32197,LAGUNA HILLS,65340.92115,152395954,,3498.797335,14286,13
191,13,61,,99.90694274,268,2.85546503,13,257,12,LAGUNA HILLS,257, ,0,0,0,0,902,0,0,0,99410.68102,185315857.1,4254.266692,1721.640649,99399.32197,LAGUNA HILLS,65340.92115,152395954,,3498.797335,14286,13
192,13,62,,9.776140767,70,0.27941445,13,257,12,LAGUNA HILLS,257, ,0,0,0,0,902,0,0,0,99410.68102,185315857.1,4254.266692,1721.640649,99399.32197,LAGUNA HILLS,65340.92115,152395954,,3498.797335,14286,13
193,13,70,,10.84325232,62,0.309913376,13,257,12,LAGUNA HILLS,257, ,0,0,0,0,902,0,0,0,99410.68102,185315857.1,4254.266692,1721.640649,99399.32197,LAGUNA HILLS,65340.92115,152395954,,3498.797335,14286,13
194,13,71,,0.358681634,5,0.010251541,13,257,12,LAGUNA HILLS,257, ,0,0,0,0,902,0,0,0,99410.68102,185315857.1,4254.266692,1721.640649,99399.32197,LAGUNA HILLS,65340.92115,152395954,,3498.797335,14286,13
195,13,75,,309.2697791,1659,8.839314237,13,257,12,LAGUNA HILLS,257, ,0,0,0,0,902,0,0,0,99410.68102,185315857.1,4254.266692,1721.640649,99399.32197,LAGUNA HILLS,65340.92115,152395954,,3498.797335,14286,13
196,13,76,,38.15978703,157,1.090654993,13,257,12,LAGUNA HILLS,257, ,0,0,0,0,902,0,0,0,99410.68102,185315857.1,4254.266692,1721.640649,99399.32197,LAGUNA HILLS,65340.92115,152395954,,3498.797335,14286,13
197,13,77,,131.7745023,395,3.76627803,13,257,12,LAGUNA HILLS,257, ,0,0,0,0,902,0,0,0,99410.68102,185315857.1,4254.266692,1721.640649,99399.32197,LAGUNA HILLS,65340.92115,152395954,,3498.797335,14286,13
198,13,78,,0.88309493,10,0.025239913,13,257,12,LAGUNA HILLS,257, ,0,0,0,0,902,0,0,0,99410.68102,185315857.1,4254.266692,1721.640649,99399.32197,LAGUNA HILLS,65340.92115,152395954,,3498.797335,14286,13
199,13,79,,2.199897238,48,0.062875784,13,257,12,LAGUNA HILLS,257, ,0,0,0,0,902,0,0,0,99410.68102,185315857.1,4254.266692,1721.640649,99399.32197,LAGUNA HILLS,65340.92115,152395954,,3498.797335,14286,13
200,14,,,0,1,2.72218E-11,14,31,5,DANA POINT,31,E,51263,0,0,0,1081,47718,0,0,107654.3061,181510528.6,4166.90837,1686.28799,107649.5051,DANA POINT,107655.855,181494954.5,,4164.418666,19227,14
201,14,10,,328.8977841,1038,7.89305623,14,31,5,DANA POINT,31,E,51263,0,0,0,1081,47718,0,0,107654.3061,181510528.6,4166.90837,1686.28799,107649.5051,DANA POINT,107655.855,181494954.5,,4164.418666,19227,14
202,14,20,,62.58460325,118,1.501937278,14,31,5,DANA POINT,31,E,51263,0,0,0,1081,47718,0,0,107654.3061,181510528.6,4166.90837,1686.28799,107649.5051,DANA POINT,107655.855,181494954.5,,4164.418666,19227,14
203,14,30,,30.87111639,65,0.74086041,14,31,5,DANA POINT,31,E,51263,0,0,0,1081,47718,0,0,107654.3061,181510528.6,4166.90837,1686.28799,107649.5051,DANA POINT,107655.855,181494954.5,,4164.418666,19227,14
204,14,40,,31.41746446,75,0.753972291,14,31,5,DANA POINT,31,E,51263,0,0,0,1081,47718,0,0,107654.3061,181510528.6,4166.90837,1686.28799,107649.5051,DANA POINT,107655.855,181494954.5,,4164.418666,19227,14
205,14,50,,1411.076618,7019,33.86374651,14,31,5,DANA POINT,31,E,51263,0,0,0,1081,47718,0,0,107654.3061,181510528.6,4166.90837,1686.28799,107649.5051,DANA POINT,107655.855,181494954.5,,4164.418666,19227,14
206,14,51,,0.522530672,6,0.012539951,14,31,5,DANA POINT,31,E,51263,0,0,0,1081,47718,0,0,107654.3061,181510528.6,4166.90837,1686.28799,107649.5051,DANA POINT,107655.855,181494954.5,,4164.418666,19227,14
207,14,52,,427.5005491,2374,10.25937911,14,31,5,DANA POINT,31,E,51263,0,0,0,1081,47718,0,0,107654.3061,181510528.6,4166.90837,1686.28799,107649.5051,DANA POINT,107655.855,181494954.5,,4164.418666,19227,14
208,14,60,,668.3366198,3464,16.0390817,14,31,5,DANA POINT,31,E,51263,0,0,0,1081,47718,0,0,107654.3061,181510528.6,4166.90837,1686.28799,107649.5051,DANA POINT,107655.855,181494954.5,,4164.418666,19227,14
209,14,61,,52.37097701,106,1.256824506,14,31,5,DANA POINT,31,E,51263,0,0,0,1081,47718,0,0,107654.3061,181510528.6,4166.90837,1686.28799,107649.5051,DANA POINT,107655.855,181494954.5,,4164.418666,19227,14
210,14,62,,33.79778044,109,0.811095318,14,31,5,DANA POINT,31,E,51263,0,0,0,1081,47718,0,0,107654.3061,181510528.6,4166.90837,1686.28799,107649.5051,DANA POINT,107655.855,181494954.5,,4164.418666,19227,14
211,14,70,,31.50452914,165,0.756062706,14,31,5,DANA POINT,31,E,51263,0,0,0,1081,47718,0,0,107654.3061,181510528.6,4166.90837,1686.28799,107649.5051,DANA POINT,107655.855,181494954.5,,4164.418666,19227,14
212,14,75,,705.994989,3273,16.94282859,14,31,5,DANA POINT,31,E,51263,0,0,0,1081,47718,0,0,107654.3061,181510528.6,4166.90837,1686.28799,107649.5051,DANA POINT,107655.855,181494954.5,,4164.418666,19227,14
213,14,76,,169.3869498,695,4.065036581,14,31,5,DANA POINT,31,E,51263,0,0,0,1081,47718,0,0,107654.3061,181510528.6,4166.90837,1686.28799,107649.5051,DANA POINT,107655.855,181494954.5,,4164.418666,19227,14
214,14,77,,133.5066005,578,3.203961753,14,31,5,DANA POINT,31,E,51263,0,0,0,1081,47718,0,0,107654.3061,181510528.6,4166.90837,1686.28799,107649.5051,DANA POINT,107655.855,181494954.5,,4164.418666,19227,14
215,14,78,,6.2699633,18,0.150470003,14,31,5,DANA POINT,31,E,51263,0,0,0,1081,47718,0,0,107654.3061,181510528.6,4166.90837,1686.28799,107649.5051,DANA POINT,107655.855,181494954.5,,4164.418666,19227,14
216,14,80,,69.53389735,115,1.66870824,14,31,5,DANA POINT,31,E,51263,0,0,0,1081,47718,0,0,107654.3061,181510528.6,4166.90837,1686.28799,107649.5051,DANA POINT,107655.855,181494954.5,,4164.418666,19227,14
217,14,9999,,0.845694397,8,0.020295389,14,31,5,DANA POINT,31,E,51263,0,0,0,1081,47718,0,0,107654.3061,181510528.6,4166.90837,1686.28799,107649.5051,DANA POINT,107655.855,181494954.5,,4164.418666,19227,14
218,15,10,,711.547473,1701,7.716508199,15,16,23,SAN JUAN CAPISTRANO,16,D,6242,0,0,0,2181,47938,0,0,109283.9856,401638571,9220.35287,3731.344423,109266.0171,SAN JUAN CAPISTRANO,109266.0171,401636677,,9221.112927,30626,15
219,15,20,,201.7912687,368,2.188362282,15,16,23,SAN JUAN CAPISTRANO,16,D,6242,0,0,0,2181,47938,0,0,109283.9856,401638571,9220.35287,3731.344423,109266.0171,SAN JUAN CAPISTRANO,109266.0171,401636677,,9221.112927,30626,15
220,15,30,,539.6780875,958,5.852626737,15,16,23,SAN JUAN CAPISTRANO,16,D,6242,0,0,0,2181,47938,0,0,109283.9856,401638571,9220.35287,3731.344423,109266.0171,SAN JUAN CAPISTRANO,109266.0171,401636677,,9221.112927,30626,15
221,15,40,,49.03174252,188,0.531733153,15,16,23,SAN JUAN CAPISTRANO,16,D,6242,0,0,0,2181,47938,0,0,109283.9856,401638571,9220.35287,3731.344423,109266.0171,SAN JUAN CAPISTRANO,109266.0171,401636677,,9221.112927,30626,15
222,15,50,,2526.935523,10010,27.40381513,15,16,23,SAN JUAN CAPISTRANO,16,D,6242,0,0,0,2181,47938,0,0,109283.9856,401638571,9220.35287,3731.344423,109266.0171,SAN JUAN CAPISTRANO,109266.0171,401636677,,9221.112927,30626,15
223,15,51,,0.852016318,5,0.009239842,15,16,23,SAN JUAN CAPISTRANO,16,D,6242,0,0,0,2181,47938,0,0,109283.9856,401638571,9220.35287,3731.344423,109266.0171,SAN JUAN CAPISTRANO,109266.0171,401636677,,9221.112927,30626,15
224,15,52,,429.4406546,1139,4.657142297,15,16,23,SAN JUAN CAPISTRANO,16,D,6242,0,0,0,2181,47938,0,0,109283.9856,401638571,9220.35287,3731.344423,109266.0171,SAN JUAN CAPISTRANO,109266.0171,401636677,,9221.112927,30626,15
225,15,60,,793.560299,5088,8.605905485,15,16,23,SAN JUAN CAPISTRANO,16,D,6242,0,0,0,2181,47938,0,0,109283.9856,401638571,9220.35287,3731.344423,109266.0171,SAN JUAN CAPISTRANO,109266.0171,401636677,,9221.112927,30626,15
226,15,61,,228.4959274,465,2.477965076,15,16,23,SAN JUAN CAPISTRANO,16,D,6242,0,0,0,2181,47938,0,0,109283.9856,401638571,9220.35287,3731.344423,109266.0171,SAN JUAN CAPISTRANO,109266.0171,401636677,,9221.112927,30626,15
227,15,62,,28.7512482,154,0.311798781,15,16,23,SAN JUAN CAPISTRANO,16,D,6242,0,0,0,2181,47938,0,0,109283.9856,401638571,9220.35287,3731.344423,109266.0171,SAN JUAN CAPISTRANO,109266.0171,401636677,,9221.112927,30626,15
228,15,70,,360.0098238,900,3.904192207,15,16,23,SAN JUAN CAPISTRANO,16,D,6242,0,0,0,2181,47938,0,0,109283.9856,401638571,9220.35287,3731.344423,109266.0171,SAN JUAN CAPISTRANO,109266.0171,401636677,,9221.112927,30626,15
229,15,71,,50.88247617,109,0.551804311,15,16,23,SAN JUAN CAPISTRANO,16,D,6242,0,0,0,2181,47938,0,0,109283.9856,401638571,9220.35287,3731.344423,109266.0171,SAN JUAN CAPISTRANO,109266.0171,401636677,,9221.112927,30626,15
230,15,75,,1063.303216,4677,11.53118094,15,16,23,SAN JUAN CAPISTRANO,16,D,6242,0,0,0,2181,47938,0,0,109283.9856,401638571,9220.35287,3731.344423,109266.0171,SAN JUAN CAPISTRANO,109266.0171,401636677,,9221.112927,30626,15
231,15,76,,320.8851732,1129,3.479898706,15,16,23,SAN JUAN CAPISTRANO,16,D,6242,0,0,0,2181,47938,0,0,109283.9856,401638571,9220.35287,3731.344423,109266.0171,SAN JUAN CAPISTRANO,109266.0171,401636677,,9221.112927,30626,15
232,15,77,,1872.258036,3280,20.30402299,15,16,23,SAN JUAN CAPISTRANO,16,D,6242,0,0,0,2181,47938,0,0,109283.9856,401638571,9220.35287,3731.344423,109266.0171,SAN JUAN CAPISTRANO,109266.0171,401636677,,9221.112927,30626,15
233,15,78,,4.942854358,16,0.053603666,15,16,23,SAN JUAN CAPISTRANO,16,D,6242,0,0,0,2181,47938,0,0,109283.9856,401638571,9220.35287,3731.344423,109266.0171,SAN JUAN CAPISTRANO,109266.0171,401636677,,9221.112927,30626,15
234,15,79,,36.37804589,422,0.394508393,15,16,23,SAN JUAN CAPISTRANO,16,D,6242,0,0,0,2181,47938,0,0,109283.9856,401638571,9220.35287,3731.344423,109266.0171,SAN JUAN CAPISTRANO,109266.0171,401636677,,9221.112927,30626,15
235,15,9999,,2.369061915,17,0.025691681,15,16,23,SAN JUAN CAPISTRANO,16,D,6242,0,0,0,2181,47938,0,0,109283.9856,401638571,9220.35287,3731.344423,109266.0171,SAN JUAN CAPISTRANO,109266.0171,401636677,,9221.112927,30626,15
236,16,51,,0.856503429,6,0.911929335,16,3,10,IRVINE,3, ,0,0,0,0,2581,0,0,0,259390.6241,1839107638,42220.10189,17085.86905,259384.7095,IRVINE,27690.71888,4090964.058,,93.92242521,238,16
237,16,61,,35.39029204,85,37.68029591,16,3,10,IRVINE,3, ,0,0,0,0,2581,0,0,0,259390.6241,1839107638,42220.10189,17085.86905,259384.7095,IRVINE,27690.71888,4090964.058,,93.92242521,238,16
238,16,70,,2.256926547,2,2.402973602,16,3,10,IRVINE,3, ,0,0,0,0,2581,0,0,0,259390.6241,1839107638,42220.10189,17085.86905,259384.7095,IRVINE,27690.71888,4090964.058,,93.92242521,238,16
239,16,75,,5.751568248,33,6.123760281,16,3,10,IRVINE,3, ,0,0,0,0,2581,0,0,0,259390.6241,1839107638,42220.10189,17085.86905,259384.7095,IRVINE,27690.71888,4090964.058,,93.92242521,238,16
240,16,76,,0.002145192,3,0.00228401,16,3,10,IRVINE,3, ,0,0,0,0,2581,0,0,0,259390.6241,1839107638,42220.10189,17085.86905,259384.7095,IRVINE,27690.71888,4090964.058,,93.92242521,238,16
241,16,77,,49.66498975,109,52.87875897,16,3,10,IRVINE,3, ,0,0,0,0,2581,0,0,0,259390.6241,1839107638,42220.10189,17085.86905,259384.7095,IRVINE,27690.71888,4090964.058,,93.92242521,238,16
242,17,,,0,5,6.04189E-10,17,876,32,ORANGE CO,264,A,6362,0,0,0,2402,47998,0,0,646737.1053,6415469881,147278.9229,59601.66549,646733.5238,UNINCORPORATED,405023.5862,3774765126,,86663.11665,109530,17
243,17,10,,594.0532488,1028,0.685475513,17,876,32,ORANGE CO,264,A,6362,0,0,0,2402,47998,0,0,646737.1053,6415469881,147278.9229,59601.66549,646733.5238,UNINCORPORATED,405023.5862,3774765126,,86663.11665,109530,17
244,17,20,,153.9608459,369,0.177653856,17,876,32,ORANGE CO,264,A,6362,0,0,0,2402,47998,0,0,646737.1053,6415469881,147278.9229,59601.66549,646733.5238,UNINCORPORATED,405023.5862,3774765126,,86663.11665,109530,17
245,17,30,,335.3375191,735,0.386943495,17,876,32,ORANGE CO,264,A,6362,0,0,0,2402,47998,0,0,646737.1053,6415469881,147278.9229,59601.66549,646733.5238,UNINCORPORATED,405023.5862,3774765126,,86663.11665,109530,17
246,17,40,,213.96205,419,0.246890381,17,876,32,ORANGE CO,264,A,6362,0,0,0,2402,47998,0,0,646737.1053,6415469881,147278.9229,59601.66549,646733.5238,UNINCORPORATED,405023.5862,3774765126,,86663.11665,109530,17
247,17,50,,3187.727896,11616,3.678292163,17,876,32,ORANGE CO,264,A,6362,0,0,0,2402,47998,0,0,646737.1053,6415469881,147278.9229,59601.66549,646733.5238,UNINCORPORATED,405023.5862,3774765126,,86663.11665,109530,17
248,17,51,,1515.71946,1874,1.748991338,17,876,32,ORANGE CO,264,A,6362,0,0,0,2402,47998,0,0,646737.1053,6415469881,147278.9229,59601.66549,646733.5238,UNINCORPORATED,405023.5862,3774765126,,86663.11665,109530,17
249,17,52,,428.6840209,1120,0.494652745,17,876,32,ORANGE CO,264,A,6362,0,0,0,2402,47998,0,0,646737.1053,6415469881,147278.9229,59601.66549,646733.5238,UNINCORPORATED,405023.5862,3774765126,,86663.11665,109530,17
250,17,60,,1591.368987,8377,1.836263803,17,876,32,ORANGE CO,264,A,6362,0,0,0,2402,47998,0,0,646737.1053,6415469881,147278.9229,59601.66549,646733.5238,UNINCORPORATED,405023.5862,3774765126,,86663.11665,109530,17
251,17,61,,10.01669325,24,0.011558196,17,876,32,ORANGE CO,264,A,6362,0,0,0,2402,47998,0,0,646737.1053,6415469881,147278.9229,59601.66549,646733.5238,UNINCORPORATED,405023.5862,3774765126,,86663.11665,109530,17
252,17,62,,74.88075811,627,0.086403696,17,876,32,ORANGE CO,264,A,6362,0,0,0,2402,47998,0,0,646737.1053,6415469881,147278.9229,59601.66549,646733.5238,UNINCORPORATED,405023.5862,3774765126,,86663.11665,109530,17
253,17,70,,964.9121564,1420,1.113400925,17,876,32,ORANGE CO,264,A,6362,0,0,0,2402,47998,0,0,646737.1053,6415469881,147278.9229,59601.66549,646733.5238,UNINCORPORATED,405023.5862,3774765126,,86663.11665,109530,17
254,17,71,,125.0730104,490,0.144319389,17,876,32,ORANGE CO,264,A,6362,0,0,0,2402,47998,0,0,646737.1053,6415469881,147278.9229,59601.66549,646733.5238,UNINCORPORATED,405023.5862,3774765126,,86663.11665,109530,17
255,17,75,,4077.33998,18797,4.704811921,17,876,32,ORANGE CO,264,A,6362,0,0,0,2402,47998,0,0,646737.1053,6415469881,147278.9229,59601.66549,646733.5238,UNINCORPORATED,405023.5862,3774765126,,86663.11665,109530,17
256,17,76,,742.7051617,2490,0.857000349,17,876,32,ORANGE CO,264,A,6362,0,0,0,2402,47998,0,0,646737.1053,6415469881,147278.9229,59601.66549,646733.5238,UNINCORPORATED,405023.5862,3774765126,,86663.11665,109530,17
257,17,77,,63694.87252,45725,73.49705604,17,876,32,ORANGE CO,264,A,6362,0,0,0,2402,47998,0,0,646737.1053,6415469881,147278.9229,59601.66549,646733.5238,UNINCORPORATED,405023.5862,3774765126,,86663.11665,109530,17
258,17,78,,7379.94651,5888,8.515742655,17,876,32,ORANGE CO,264,A,6362,0,0,0,2402,47998,0,0,646737.1053,6415469881,147278.9229,59601.66549,646733.5238,UNINCORPORATED,405023.5862,3774765126,,86663.11665,109530,17
259,17,79,,1458.595064,7958,1.683052058,17,876,32,ORANGE CO,264,A,6362,0,0,0,2402,47998,0,0,646737.1053,6415469881,147278.9229,59601.66549,646733.5238,UNINCORPORATED,405023.5862,3774765126,,86663.11665,109530,17
260,17,80,,76.63969328,282,0.088433781,17,876,32,ORANGE CO,264,A,6362,0,0,0,2402,47998,0,0,646737.1053,6415469881,147278.9229,59601.66549,646733.5238,UNINCORPORATED,405023.5862,3774765126,,86663.11665,109530,17
261,17,9999,,37.32107482,286,0.043064764,17,876,32,ORANGE CO,264,A,6362,0,0,0,2402,47998,0,0,646737.1053,6415469881,147278.9229,59601.66549,646733.5238,UNINCORPORATED,405023.5862,3774765126,,86663.11665,109530,17
